582.709825107567,2081.652080997295
601.0,2084.0
639.4749693473892,2088.8874536622893
767.7367081648016,2104.524297051071
815.0,2110.0
1020.0,2133.0
1092.8390468047305,2141.028218504783
1163.9092698806112,2148.865848919021
1174.0,2150.0
1299.7850840622714,2164.324498045277
1358.0,2171.0
1504.8291854660567,2187.8688254174976
1559.0,2194.0
1614.0850012013177,2200.1386468351525
1676.0,2207.0
1909.2969896556604,2233.005584865612
1927.0,2235.0
2044.6767188379079,2248.581897678981
2126.3457963121864,2258.232920619172
2151.0,2261.0
2196.0,2266.0
2328.8444332307413,2280.8166337919506
2562.0,2307.0
2615.6955772751808,2313.083433435963
2735.07289701994,2326.6628763571625
2747.0,2328.0
2872.0,2342.0
2984.353938747036,2354.9531004090595
3028.0,2360.0
3264.0,2387.0
3266.1707299963505,2387.2498228495206
3501.0,2414.0
3595.8031680842273,2422.781650838465
3655.0,2427.0
3666.8238616589756,2427.968372042544
3871.539665728261,2447.7797168316856
3897.0,2451.0
4013.0,2474.0
4013.677792544622,2474.204222670866
4147.0,2523.0
4221.8218130345695,2560.9169664013834
4268.0,2613.0
4278.724198675884,2626.323367878168
4329.0,2696.0
4365.0,2784.0
4368.0029725193,2795.5977266503332
4390.0,2916.0
4396.596406050982,2992.7579927202405
4397.0,3023.0
4392.546051384122,3220.5295735090444
4392.0,3230.0
4376.042791834756,3387.9652974115593
4375.0,3396.0
4362.903322881738,3481.690777064331
4354.0,3536.0
4341.0744046971595,3610.6085331180525
4324.0,3705.0
4303.287661447815,3810.382969551763
4280.763337341877,3911.290245799463
4277.0,3928.0
4253.079755127493,4033.4259421282213
4227.0,4134.0
4195.139571134127,4250.51325327185
4183.0,4295.0
4160.649485740416,4378.818295538099
4143.314101146373,4444.196050493198
4114.0,4537.0
4107.783927865839,4555.822841202017
4058.0,4702.0
4026.6997582275158,4786.20015533179
4001.0,4841.0
3973.234398717563,4894.8594180259915
3916.3037572299104,4991.724198114261
3901.0,5013.0
3847.3290455171696,5075.804641225563
3829.0,5094.0
3741.945399746406,5165.236484168169
3708.0,5188.0
3619.703740133547,5237.36392421108
3608.0,5243.0
3487.0,5292.0
3378.051992284283,5327.426542866777
3348.0,5337.0
3075.7941503825,5426.403246382033
3059.0,5432.0
2892.614297039147,5488.692513782984
2782.0,5530.0
2690.0,5567.0
2643.6828578320287,5590.660642577056
2572.0,5644.0
2469.8780770171943,5744.580884038232
2373.0,5851.0
2317.3846289851285,5921.697117076838
2275.0,6000.0
2241.9181655066072,6060.974896901711
2183.0,6224.0
2146.0011406673693,6440.195563281058
2143.0,6461.0
2133.7963007279113,6567.5987302287795
2146.0,6646.0
2146.212397946973,6647.6468815948565
2177.0,6906.0
2191.1292925532066,7005.10583729695
2206.0,7087.0
2213.350253556399,7129.853926166821
2229.0,7223.0
2234.402647340707,7255.5318885662755
2267.0,7449.0
2275.632922831372,7496.030146836339
2281.0,7525.0
2298.1823203550475,7618.498812220958
2309.0,7678.0
2325.518437255959,7769.926082266834
2339.0,7847.0
2371.533370041402,8043.412685338265
2389.0,8174.0
2407.9182740116994,8389.886228971263
2417.0,8555.0
2419.0478327094493,8607.482189297236
2420.118665276072,8753.946287382352
2420.0,8780.0
2419.0,8925.0
2418.0,9022.0
2416.799489785239,9106.847618264777
2416.0,9151.0
2412.589949848885,9268.48494503529
2412.0,9284.0
2398.0,9607.0
2395.0892516631666,9668.71149265367
2386.0,9819.0
2380.500396825746,9895.430121731775
2373.0,9998.0
2365.3057069720626,10104.15356639115
2361.0,10162.0
2348.9306807783078,10317.769287459394
2335.0,10491.0
2329.4821032560544,10557.45655173401
2317.7335127796955,10688.608735158914
2310.0,10771.0
2299.7205561393157,10876.957214416998
2293.0,10933.0
2268.382761524714,11107.040858636647
2256.0,11190.0
2244.781808308108,11263.658594169161
2224.0,11329.0
2210.6800098629315,11365.571400931572
2164.7027924085583,11486.445389512442
2154.0,11511.0
2102.588801137444,11599.85416040027
2062.0,11646.0
2042.2335660514252,11667.361392832696
1997.0,11706.0
1980.1829042522907,11717.514345787282
1957.0,11732.0
1885.0,11764.0
1871.9637378309967,11767.581864943584
1818.0,11775.0
1810.9285039465092,11775.070553746658
1733.0,11763.0
1726.4934199160612,11760.983565476361
1671.0,11736.0
1630.4643197413081,11710.38936876931
1591.0,11681.0
1555.2736199700912,11649.133769681703
1508.504254863829,11597.335091230401
1495.0,11581.0
1466.8134357296117,11541.138639752593
1453.0,11517.0
1417.8872201917134,11451.647034552223
1411.0,11438.0
1388.0,11388.0
1382.154682005649,11374.064254832638
1358.0,11311.0
1342.2032733718104,11265.608625094848
1298.8529648449503,11133.67868001941
1289.0,11103.0
1259.479071981871,11006.725620315907
1251.0,10979.0
1228.5593848283797,10906.847071445805
1223.0,10889.0
1194.0,10796.0
1179.5141901811937,10749.977313508663
1129.0,10590.0
1124.1230255489231,10574.512949997983
1086.1319189636902,10453.176574220492
1061.0,10373.0
1048.0884085548216,10332.309789855099
1008.0,10206.0
997.2854617551402,10171.51634533627
962.0,10058.0
926.0,9945.0
925.5958689558956,9943.726677126695
890.0,9831.0
871.9748531235024,9774.697223771958
835.0,9664.0
758.0,9441.0
757.7040362011113,9440.144112387557
721.615723460028,9335.395554001869
712.0,9308.0
634.906783274996,9089.698666883663
616.0,9036.0
597.7805561027561,8983.800602195308
577.4194825886037,8924.940732938587
568.0,8898.0
462.0,8596.0
461.1601136728902,8593.603478996944
429.02759711271887,8501.197865161517
406.0,8435.0
345.3180398352814,8261.297768129944
312.0,8166.0
278.39259061994386,8069.888894549647
254.0,8000.0
158.0,7725.0
143.61156832647606,7683.921131321759
76.0,7493.0
54.665221791642644,7432.114119043781
16.0,7321.0
-49.0,7132.0
-61.01390408456522,7097.545487075396
-121.0,6926.0
-162.84553029942938,6806.403850228424
-177.0,6766.0
-177.15841338593071,6765.547504410804
-266.5538150685907,6509.995520361636
-284.0,6460.0
-335.0,6314.0
-346.9493507326201,6280.183020104356
-364.0,6232.0
-404.34685841141476,6116.83832948984
-421.0,6069.0
-478.0,5905.0
-507.4964886935492,5821.017907924452
-530.0,5757.0
-551.9323443533349,5694.304765346128
-588.0,5591.0
-619.5207405401799,5500.974409221358
-704.0,5260.0
-726.2406109899197,5196.446338970522
-771.0,5068.0
-797.2039344529366,4992.865338116924
-847.2769979106913,4849.540398482269
-865.0,4799.0
-918.0,4648.0
-918.2922726803431,4647.1603731152245
-953.0,4547.0
-1000.8898482472634,4409.986405023417
-1024.0,4344.0
-1048.324321751716,4274.4029430239425
-1095.0,4141.0
-1119.7470166403248,4070.8005745993587
-1149.0,3988.0
-1221.0,3784.0
-1239.982643407559,3730.69085189286
-1282.0,3614.0
-1288.9308847530403,3595.014796577428
-1332.0,3478.0
-1354.787873079581,3415.7369354034977
-1451.1326939573742,3150.2148798056533
-1462.0,3120.0
-1502.0952417587255,3007.503755356423
-1511.0,2983.0
-1574.0,2812.0
-1613.2307525167205,2704.718471498502
-1649.0,2606.0
-1672.2910946524012,2541.2144454128556
-1714.0,2426.0
-1736.9415206189735,2363.9308002162866
-1838.0,2095.0
-1838.7945780594102,2092.896130915872
-1897.5245470122072,1937.8210370394424
-1972.0,1738.0
-1977.1884770001677,1723.4499638361617
-2016.124257270445,1608.6228776852456
-2050.0,1506.0
-2072.6014542210537,1438.9659252525744
-2085.0,1402.0
-2131.0,1255.0
-2138.383601471713,1227.9548435252134
-2166.246607721927,1116.3298290336181
-2174.0,1081.0
-2183.5651802918615,1029.4374800297544
-2189.636622108621,972.8371550921012
-2192.0,945.0
-2194.6801494976535,912.6627387225863
-2196.4501254998836,874.6233610684917
-2195.0,841.0
-2188.6281385171906,768.6068410652576
-2188.0,763.0
-2181.3374929787874,723.8695772444846
-2177.0,709.0
-2158.5620869555573,657.3539328136911
-2157.0,654.0
-2132.0,615.0
-2124.0,606.0
-2113.4525233776344,595.6859661829948
-2093.0,583.0
-2080.209302779534,578.5770961661894
-2019.4958414335342,568.5918172102548
-2012.0,568.0
-1974.0,571.0
-1973.5210506174333,571.0837831020202
-1923.1017516946238,580.7035401637596
-1902.0,585.0
-1864.6054636979936,592.8300960233017
-1829.0,600.0
-1789.3718396118722,606.5928652040234
-1765.0,609.0
-1723.3276000309115,610.4321290369155
-1712.0,610.0
-1653.3508604764193,600.5286700405678
-1616.0,587.0
-1599.6709026038895,578.8038510802662
-1571.0,560.0
-1529.781435057456,517.2383470698578
-1523.0,508.0
-1497.1934718644916,465.0238521570439
-1486.0,443.0
-1470.0,408.0
-1469.750616803546,407.4038061225339
-1438.0,314.0
-1422.0,259.0
-1415.4004901550577,233.93975487127523
-1405.0,193.0
-1392.4150605644836,144.3473123165916
-1387.0,123.0
-1363.0,25.0
-1353.9107438081676,-12.212716058347684
-1341.0,-65.0
-1322.4898573877433,-140.17982073805197
-1320.0,-150.0
-1271.342330191177,-332.7935097986207
-1251.0,-401.0
-1238.182750617901,-440.79832952131153
-1190.659867886511,-569.982532724735
-1178.0,-603.0
-1148.155064111145,-679.9639945409059
-1118.0,-746.0
-1037.6681167883585,-909.3892823979858
-1018.0,-948.0
-977.1955801112109,-1023.4309297810955
-928.0,-1101.0
-927.5589709583456,-1101.6791879239972
-819.686191189657,-1265.1200713204069
-811.0,-1278.0
-739.1051459626077,-1377.2262880135509
-722.0,-1399.0
-571.0,-1584.0
-569.9092601759327,-1585.2381464341192
-504.0,-1658.0
-483.4380936882199,-1680.1253707561523
-411.60184101638237,-1754.442392951637
-403.0,-1763.0
-306.53742956091213,-1855.5684156011116
-264.0,-1895.0
-175.0,-1975.0
-151.00804838460783,-1995.9024422609737
-58.09548941036886,-2075.3125336725366
-48.0,-2084.0
56.0,-2174.0
58.12609706993747,-2175.816159157338
259.1236122223781,-2345.040508358553
271.0,-2355.0
428.0,-2487.0
451.7070125230111,-2507.0372900659863
649.4305172740138,-2674.3736028513295
662.0,-2685.0
854.9706998614125,-2847.848927255133
912.0,-2896.0
1032.853564355254,-2998.249090949041
1152.0,-3099.0
1266.1120860299986,-3195.265154643109
1280.0,-3207.0
1408.975549337223,-3316.122950589396
1474.0,-3371.0
1579.6215723480495,-3459.0941166078874
1631.0,-3502.0
1670.6620821126073,-3535.4863393556416
1810.1807761210305,-3651.7166170633627
1829.0,-3667.0
2047.0,-3842.0
2048.9545596417215,-3843.5618328450573
2152.2176484384136,-3925.5025937269156
2243.0,-3989.0
2348.6679001789867,-4063.4726945025877
2487.0,-4160.0
2598.6729032892877,-4235.19064059234
2704.8238526488776,-4301.953886656111
2785.0,-4351.0
2859.7785404227875,-4396.334847303054
2972.118170857867,-4461.953769655303
2999.0,-4477.0
3140.0,-4553.0
3189.8378880737278,-4578.056109906867
3301.0,-4631.0
3486.1236409855596,-4715.565869606921
3547.0,-4743.0
3695.0,-4809.0
3719.6384327104556,-4819.801739983565
4009.0,-4945.0
4206.698595307948,-5026.773541521853
4319.463986687864,-5069.7089925377395
4349.0,-5081.0
4440.87620990049,-5116.397511599221
4463.0,-5125.0
4697.29368163699,-5217.145552054043
4722.0,-5227.0
4819.417525784164,-5265.99751500916
4859.0,-5281.0
4920.0,-5303.0
4986.075433095843,-5323.629190622752
5064.0,-5341.0
5098.555451004135,-5346.3193620139455
5150.0,-5346.0
5352.02842912691,-5307.924102312308
5367.0,-5304.0
5560.914912249565,-5200.117497798537
5580.0,-5182.0
5712.0,-5031.0
5712.473732209401,-5030.357866064291
5765.298964392397,-4930.069960505457
5775.0,-4888.0
5796.0,-4751.0
5796.066454867094,-4750.465540789662
5793.0,-4650.0
5781.618865553689,-4597.286975943699
5735.0,-4411.0
5729.050007109945,-4391.103483482017
5700.0,-4329.0
5688.892876381551,-4307.315522973896
5647.616218104652,-4229.633295172459
5615.0,-4181.0
5499.497931817642,-4036.157545324321
5490.0,-4025.0
5410.0590232829245,-3943.234622819014
5355.0,-3910.0
5269.531349451961,-3865.3777502198013
5260.0,-3861.0
5087.0,-3815.0
5063.39958166562,-3811.8407543287194
4860.032293744569,-3789.9983253553905
4840.0,-3788.0
4642.0,-3764.0
4640.782636775672,-3763.7641686694146
4469.0,-3730.0
4420.0335334539,-3721.6746292908992
4243.351130917408,-3698.486106552046
4183.0,-3692.0
4150.0259944629615,-3688.74720216778
4030.1079894056425,-3679.383100276656
3943.0,-3673.0
3728.0,-3657.0
3725.931987535369,-3656.8434101212265
3576.670825303405,-3644.894937558387
3490.282232772306,-3637.7890184051244
3480.0,-3637.0
3318.0,-3624.0
3289.0,-3621.0
3142.035668546299,-3602.8164059050273
2993.412182891452,-3579.5919730163737
2980.0,-3577.0
2857.7010557705157,-3542.866519151978
2837.0,-3535.0
2680.6892856705786,-3465.9751441614517
2614.0,-3432.0
2506.0,-3371.0
2433.399104080636,-3326.895925995944
2317.677131184975,-3252.3515693512145
2279.0,-3226.0
2196.572237671252,-3166.3198303209147
2142.0,-3125.0
2083.8815482665677,-3080.4338363354827
2012.0,-3018.0
1928.6223931510744,-2929.742529644647
1805.0,-2776.0
1774.0577279546064,-2729.4288926861504
1727.0,-2625.0
1722.0945417657263,-2612.4877276063344
1678.0,-2491.0
1649.951300624414,-2392.7195603071527
1630.0,-2305.0
1623.132967861591,-2271.088396975012
1593.4907688578458,-2101.52180842724
1586.0,-2054.0
1581.2573883180023,-2020.8171206388627
1578.0,-1974.0
1577.9842425797601,-1973.6690402780782
1574.0,-1848.0
1574.0011540832415,-1847.098314228064
1577.0,-1765.0
1577.0567328243915,-1764.2227515459829
1583.0,-1705.0
1586.8049703871104,-1676.5656155150316
1592.0,-1644.0
1600.6030177488492,-1601.1256583880734
1616.0,-1559.0
1664.6578265564065,-1483.2297973820441
1679.0,-1467.0
1741.2848272726837,-1427.3976988884215
1768.0,-1419.0
1837.6666540611013,-1404.9583929772996
1884.0,-1399.0
1927.8372049829811,-1396.4278399895645
1968.6278851006564,-1397.7838153153089
1973.0,-1398.0
2027.0962812147836,-1401.4935249605796
2055.0,-1404.0
2173.725760149046,-1416.0620449366938
2183.0,-1417.0
2268.593994694483,-1418.751037883493
2288.0,-1415.0
2352.947704824058,-1400.9753587792682
2368.0,-1397.0
2400.0,-1385.0
2492.4450204949653,-1325.8955147589618
2572.0,-1268.0
2572.769432755383,-1267.4192333638493
2650.0,-1192.0
2650.215019331952,-1191.734483088445
2689.843201952231,-1140.34429254002
2694.0,-1134.0
2721.0,-1084.0
2721.322754803042,-1083.316433486329
2751.648088109719,-989.2663007412602
2760.0,-928.0
2773.0,-797.0
2774.2361004447944,-783.8098328147457
2777.985627367517,-742.5226777290642
2777.0,-709.0
2775.3084257600067,-642.923281532232
2767.0,-506.0
2744.4567892081727,-410.21516635334336
2719.0,-351.0
2704.8054350923885,-323.1924286386433
2658.0,-256.0
2652.4217107179825,-249.33520645350362
2617.0,-210.0
2553.0,-153.0
2512.7700972838516,-122.35478082735291
2430.0,-73.0
2400.859020941147,-59.84188807932584
2324.0,-31.0
2291.314234117335,-21.553785873773887
2226.0,-11.0
2178.7254954693667,-7.385225946801185
2118.0,-6.0
2055.7623561519003,-8.76758706215909
2015.0,-12.0
1931.7620367451864,-20.58040403664565
1867.0,-29.0
1843.571052687329,-32.365391318094325
1736.0,-49.0
1722.2035395416265,-51.132894602408655
1598.0,-70.0
1596.2018194485202,-70.26728057107972
1494.0,-85.0
1434.1521551020232,-93.02909741367174
1337.0769780216467,-105.55558523782624
1326.0,-107.0
1202.0,-123.0
1188.5497604222703,-124.60132822002505
1152.0,-129.0
1075.1211456143883,-139.8121481194657
883.0,-171.0
881.7971471648823,-171.2042821344699
793.1712447146376,-186.98808641982177
765.0,-192.0
675.9044177599,-207.43872130527822
580.0,-224.0
565.461992455006,-226.5382144756019
437.11725625489777,-247.82035999339578
375.0,-254.0
218.42321253177624,-261.219247052718
184.0,-261.0
-75.29804558975769,-204.7693221292961
-87.0,-200.0
-186.3603849695535,-155.6863509765501
-339.0,-69.0
-375.1175085329137,-41.56246605854919
-484.6895404765327,73.37816575953242
-526.0,127.0
-570.3532606150216,192.53094504745889
-623.0,279.0
-682.3491242849,377.7435373759521
-767.0,519.0
-841.4884012164661,642.86996412516
-865.0,684.0
-957.0,853.0
-982.4057520751148,905.9686872261908
-1015.0,983.0
-1067.0,1141.0
-1073.141046170755,1163.237237641774
-1089.0,1230.0
-1091.279356033959,1240.9691088663596
-1109.0,1344.0
-1111.6390261604126,1364.4088509374633
-1118.3924045044437,1439.8738339265115
-1120.0,1475.0
-1120.0,1552.0
-1118.3391444952792,1597.8281995612977
-1115.0,1648.0
-1111.8886566000263,1674.6081784491112
-1105.0,1708.0
-1073.0,1810.0
-1072.7165192956816,1810.7215330514343
-1035.0,1866.0
-1007.2494746385164,1892.519875014033
-978.0,1914.0
-904.0,1947.0
-870.8752527427738,1957.5858216293034
-820.5386690303977,1966.9179633681244
-768.0,1972.0
-638.0,1981.0
-636.8170303689662,1981.080005232135
-528.0,1992.0
-511.0341134638061,1994.5540366471896
-434.0,2006.0
-354.0,2015.0
-326.2681024016863,2017.220893380024
-108.0,2030.0
-106.8767005304975,2030.0604543698753
-13.122405781408672,2034.7965387317101
49.0,2038.0
105.93551010539542,2040.975801787852
224.0,2047.0
294.0404587160043,2049.8816452273404
371.0,2055.0
423.595451799114,2061.0723030879217
496.0,2070.0
612.2163752144086,2085.0556923935965
