987.3196725354208,-625.4060878006757
1376.0,-463.0
1426.874279834317,-441.62825566702537
1637.4311987431358,-353.02822019894097
1716.0,-320.0
1768.194937779521,-298.12408347806246
1852.0,-263.0
1949.5217228407741,-221.6385830934605
2022.0,-191.0
2175.0,-127.0
2287.3775062611785,-80.36179212205681
2413.0,-28.0
2697.8401181631702,92.58962438852691
2715.0,100.0
2873.0,170.0
2967.045241767694,209.33806541036876
3076.0,252.0
3166.0,283.0
3370.0,357.0
3485.4928767587617,413.8414524711067
3497.0,421.0
3510.0,429.0
3533.4660283456974,444.5651535236259
3577.5992764026314,481.83838903434344
3596.0,500.0
3625.802666677022,531.4502746123778
3635.0,542.0
3672.0,594.0
3678.754347000689,606.0161030079498
3705.0,664.0
3713.0,693.0
3725.0,757.0
3725.8155490057857,818.5335694214017
3719.0,860.0
3679.1678385149125,997.701357137793
3673.0,1016.0
3657.684436355036,1057.8213203218502
3636.437323622613,1103.7577353331153
3625.0,1128.0
3603.8741355372276,1173.4094355717245
3594.0,1195.0
3531.268330436432,1334.3977603765948
3531.0,1335.0
3500.699380681424,1403.9739015081545
3474.0,1469.0
3467.4413303071547,1484.9967027427906
3424.0,1590.0
3362.1420510278767,1735.5940750338666
3340.0,1787.0
3302.4574180678446,1872.048007156241
3271.0,1941.0
3212.5128151817594,2069.6084598442326
3206.0,2084.0
3155.8181105747854,2195.234450649047
3137.0,2237.0
3063.7133003999866,2401.4097649263886
3056.0,2419.0
2987.0170829487815,2576.633473451992
2968.0,2620.0
2898.3569907165725,2777.4563680682154
2861.9323549011974,2858.582877593202
2843.0,2901.0
2772.880622809934,3059.373159579533
2736.0,3143.0
2704.3780096477954,3214.7311265420612
2656.0,3324.0
2627.547128147185,3387.5404856658597
2588.607429625999,3473.349616118283
2586.0,3479.0
2555.0,3542.0
2546.613827337425,3556.9725275706496
2517.0,3604.0
2499.547894859002,3625.482196841583
2461.0,3659.0
2421.0,3679.0
2341.180466438063,3689.0460663228214
2320.0,3690.0
2292.9985947137193,3690.2509924728784
2227.3479641809813,3673.442908917673
2210.0,3668.0
2145.7228653636043,3647.8894754450253
2127.0,3642.0
2095.659534909899,3631.9318373123247
2072.0,3623.0
2027.3452337066756,3606.225678798598
1998.0,3595.0
1957.2109472347558,3578.9003944003803
1935.0,3570.0
1894.8657302886922,3553.849905187798
1825.960849245551,3526.1643551713055
1818.0,3523.0
1766.8046358282252,3502.9048715206964
1709.0,3481.0
1536.0,3417.0
1419.165491423893,3374.8646727302676
1403.0,3369.0
1296.6621494493706,3329.979886069022
1286.0,3326.0
1204.0,3295.0
1145.6493781122954,3273.163541417829
1097.0,3255.0
955.4142608040618,3201.856519093198
899.0,3181.0
842.6897940126086,3160.5068203220712
814.0,3150.0
577.0,3062.0
487.5519548858013,3028.0748643245074
461.0,3018.0
403.2097652180612,2996.314676710325
290.8351480682916,2954.2636146504615
237.0,2934.0
88.93265943790968,2878.0525745061236
20.0,2852.0
-58.32270092683819,2822.6040348720776
-76.0,2816.0
-243.46627227586947,2753.416217136069
-258.0,2748.0
-384.43613486877774,2700.866703436424
-400.0,2695.0
-602.3150496196649,2617.6084123962523
-719.0,2572.0
-782.092104703267,2546.686291764102
-894.0,2500.0
-930.4350352910667,2484.7499448068975
-1048.0,2435.0
-1209.4530347291075,2364.660681665903
-1323.0,2315.0
-1383.7564326510708,2288.6166423002683
-1534.0,2224.0
-1546.0873349938993,2218.762135033581
-1692.1588086915006,2155.3626970403757
-1693.0,2155.0
-1835.0,2094.0
-1866.4711887042704,2080.4337592304746
-1981.6223330535715,2030.6156148628584
-1997.0,2024.0
-2151.0,1958.0
-2260.1156401803073,1910.4483639305656
-2307.0,1890.0
-2384.6666887472943,1856.294878170413
-2511.0,1802.0
-2542.7405462584034,1788.4840533257398
-2702.0,1721.0
-2734.6122071258847,1707.0850041704764
-2861.7558183180636,1652.4010884161003
-2941.0,1618.0
-3053.65331027938,1568.7333375264018
-3085.0,1555.0
-3175.488166080567,1515.363416830558
-3254.0,1481.0
-3340.52722032541,1443.1574880257533
-3391.0,1421.0
-3495.821619967621,1374.534358593289
-3569.0,1342.0
-3844.0,1220.0
-3867.1581359860243,1209.7275570356312
-4085.208539923628,1112.9629264251118
-4218.0,1054.0
-4242.068038759866,1043.312207002106
-4461.0,946.0
-4475.102681350653,939.720801256343
-4582.0,892.0
-4744.0,819.0
-4793.05305223781,797.0767451461332
-4958.0,724.0
-5027.241124863503,693.2625004871542
-5126.0,649.0
-5148.881372255912,638.7040938683085
-5261.0,588.0
-5356.574021055444,542.9345447221133
-5400.0,520.0
-5462.778260214664,481.0479922557605
-5467.0,478.0
-5516.116558542632,438.6014724171197
-5528.0,427.0
-5562.0,382.0
-5581.0,336.0
-5584.27204036607,317.7844911040535
-5586.0,299.0
-5583.047838330528,249.25957661859448
-5581.0,238.0
-5564.570116819638,180.97755649226497
-5543.0,127.0
-5529.2612403392595,96.35856927158912
-5517.0,71.0
-5483.362891311699,7.738221271744764
-5473.0,-13.0
-5463.0,-34.0
-5456.527154338231,-47.07650704605275
-5419.7692652641545,-119.29306574129217
-5415.0,-130.0
-5350.0,-291.0
-5346.138504313068,-301.09351629836834
-5315.0,-399.0
-5303.002342594484,-438.4451795519797
-5286.0,-493.0
-5276.105633147145,-523.8697544055703
-5252.0,-595.0
-5239.637742946605,-629.1023341713571
-5190.0,-756.0
-5119.869524609462,-914.6008224958961
-5104.0,-949.0
-5080.576229005544,-998.897969100437
-5031.0,-1103.0
-5012.026690096754,-1144.2666278233346
-4988.0,-1197.0
-4965.997727330764,-1245.1559290352693
-4946.0,-1290.0
-4908.941319176688,-1381.4212351720885
-4893.0,-1425.0
-4880.038315847684,-1463.7366584911024
-4876.0,-1477.0
-4861.0,-1533.0
-4853.641708575102,-1568.806386619061
-4850.0,-1597.0
-4848.738230474641,-1614.585681903209
-4848.861141703428,-1663.0086113900022
-4852.0,-1690.0
-4855.079528884334,-1704.3920631416288
-4870.0,-1743.0
-4876.0,-1755.0
-4893.669260034514,-1783.9260573378008
-4923.0,-1814.0
-4982.014906687073,-1857.5322647343028
-5004.0,-1872.0
-5022.180713217657,-1883.159985648928
-5087.0,-1913.0
-5103.386929780848,-1919.861441092229
-5204.0,-1961.0
-5222.872464280797,-1968.4422229217328
-5332.682122288421,-2009.0401494790283
-5369.0,-2022.0
-5406.9234300028165,-2035.5531144784868
-5464.110718046393,-2057.2479505846527
-5471.0,-2060.0
-5542.0,-2089.0
-5597.1032041841745,-2111.9826796854923
-5616.0,-2120.0
-5692.016242596729,-2153.088700833595
-5712.0,-2162.0
-5830.392074885929,-2215.7396006395875
-5840.0,-2220.0
-5928.777015326324,-2258.01864408281
-5955.0,-2269.0
-6091.847500181528,-2325.886154082972
-6148.0,-2349.0
-6201.707202049867,-2370.3696360017098
-6256.0,-2396.0
-6377.315501160719,-2456.6851447812523
-6466.0,-2502.0
-6531.613593085042,-2536.5723245127097
-6589.277728980555,-2569.8770848810004
-6667.0,-2618.0
-6696.95200115896,-2636.107916296619
-6778.0,-2685.0
-6815.1057167237905,-2707.628954956438
-6878.0,-2746.0
-6986.369756338906,-2810.6301746270706
-7058.0,-2852.0
-7106.45720372523,-2879.330079597181
-7193.0,-2927.0
-7256.162621359375,-2961.100524820298
-7280.0,-2974.0
-7363.0,-3020.0
-7458.0,-3078.0
-7465.512997092774,-3082.8957609579284
-7526.0,-3125.0
-7544.709349124205,-3139.3400201163113
-7602.661093407482,-3188.942639128588
-7608.0,-3194.0
-7643.206765734772,-3230.3814317565157
-7653.0,-3242.0
-7682.321227649037,-3281.4934532949424
-7715.0,-3334.0
-7731.273945864551,-3370.4699553840114
-7738.0,-3397.0
-7742.712852277228,-3425.085057536694
-7720.161874563133,-3578.607914669276
-7700.0,-3624.0
-7646.0,-3730.0
-7630.0,-3769.0
-7628.78014386906,-3772.453763392869
-7612.06111887458,-3822.7440364746913
-7612.0,-3823.0
-7607.0,-3876.0
-7609.020468493466,-3899.5765653879043
-7612.0,-3914.0
-7629.917079576058,-3955.269606865697
-7648.0,-3982.0
-7661.827046473069,-3998.8546902413923
-7681.0,-4019.0
-7692.9948333801985,-4030.1137327930796
-7716.0,-4049.0
-7819.537496913056,-4122.369842686479
-7831.0,-4130.0
-7859.581100401657,-4148.259233437539
-7905.0,-4175.0
-7910.956467929794,-4178.570473218376
-7994.912801811621,-4230.006188785393
-8009.0,-4239.0
-8073.0,-4282.0
-8100.011603056163,-4301.18390525769
-8179.0,-4359.0
-8211.936241267187,-4383.884335787969
-8300.307380226588,-4454.859040927033
-8330.0,-4479.0
-8397.0,-4533.0
-8412.599840904359,-4545.296870045699
-8476.0,-4594.0
-8625.0,-4707.0
-8655.320944210858,-4729.868543864571
-8768.043422965982,-4814.001910114946
-8842.0,-4869.0
-8886.19580014174,-4902.565218956424
-8944.0,-4947.0
-8952.694198410252,-4953.663868537018
-9058.683262225899,-5034.734925851591
-9080.0,-5051.0
-9140.578409562553,-5097.1267412183815
-9209.0,-5149.0
-9385.0,-5282.0
-9521.951683245343,-5386.610028116335
-9542.0,-5402.0
-9654.0,-5488.0
-9695.90882797693,-5520.2536983782975
-9779.0,-5584.0
-9872.0,-5654.0
-9894.960773712306,-5671.215616654997
-10012.0,-5759.0
-10035.25291824148,-5776.445345961024
-10148.917846838074,-5861.841526821871
-10208.0,-5907.0
-10241.102031503206,-5932.821278762407
-10273.0,-5958.0
-10343.0,-6014.0
-10362.816770143303,-6030.590170000413
-10394.0,-6057.0
-10424.468300623255,-6081.5895264091805
-10472.394347402646,-6118.321462804655
-10489.0,-6131.0
-10514.095462332172,-6150.179292510771
-10539.0,-6167.0
-10573.913544916866,-6187.806325706391
-10617.0,-6212.0
-10646.974020191277,-6226.679917283217
-10658.0,-6229.0
-10669.084729789009,-6231.607442593126
-10707.0,-6239.0
-10742.0,-6238.0
-10742.209822841933,-6237.965360721779
-10797.0,-6215.0
-10811.160274103175,-6203.677841874174
-10836.0,-6178.0
-10852.0,-6158.0
-10857.490895690913,-6149.9883052412115
-10886.977067436537,-6098.4889528461745
-10901.0,-6070.0
-10928.026092872959,-6005.627590404476
-10952.0,-5939.0
-10956.095842664161,-5927.293934102738
-10969.152953791609,-5888.195491160439
-10975.0,-5870.0
-10982.075806004255,-5847.800914326858
-10990.0,-5823.0
-11014.0,-5748.0
-11016.294717310866,-5740.5453694247435
-11042.0,-5654.0
-11048.77981651593,-5630.971641081997
-11064.0,-5579.0
-11070.523247809338,-5556.542977813209
-11117.0,-5396.0
-11123.186844175383,-5374.846324512776
-11157.795976973333,-5260.026016423334
-11163.0,-5243.0
-11187.690233603871,-5162.58446617454
-11191.0,-5152.0
-11221.0,-5057.0
-11245.0,-4976.0
-11265.361087286226,-4907.604086197768
-11279.0,-4862.0
-11291.825720480883,-4819.08532450198
-11326.041829342032,-4704.086548621045
-11334.0,-4677.0
-11355.0,-4606.0
-11366.0,-4571.0
-11372.841096719942,-4548.468023872373
-11386.0,-4503.0
-11395.709230226184,-4471.020465733631
-11424.486285708444,-4397.217049106026
-11431.0,-4387.0
-11471.411910365629,-4347.5949289400105
-11477.0,-4344.0
-11521.161483451562,-4321.625771360363
-11536.0,-4315.0
-11636.0,-4273.0
-11675.287671365548,-4256.5520781254945
-11723.442642594271,-4239.574763803577
-11732.0,-4237.0
-11832.40967630388,-4209.980104838707
-11876.0,-4200.0
-11948.73130882909,-4187.713655861584
-12039.873847241444,-4182.764685528159
-12052.0,-4182.0
-12101.551542021585,-4178.151599292674
-12126.0,-4176.0
-12151.036347931402,-4173.707152831489
-12219.0,-4166.0
-12224.832450024996,-4165.099515614889
-12269.162793688696,-4156.590666139832
-12295.0,-4150.0
-12328.983440577498,-4139.096853334341
-12343.0,-4134.0
-12387.0,-4114.0
-12453.716005862512,-4067.0776873030227
-12459.0,-4063.0
-12487.038158564354,-4037.01175443003
-12497.0,-4016.0
-12500.614515840445,-4008.0119393356695
-12521.0,-3957.0
-12527.991329770559,-3926.078081710445
-12532.0,-3877.0
-12533.083352790562,-3846.3697239025514
-12535.0,-3758.0
-12537.751160838225,-3715.3315180461377
-12549.0,-3689.0
-12569.340495894621,-3654.178515260541
-12581.0,-3640.0
-12631.0,-3607.0
-12636.639082543177,-3604.720900529744
-12685.0,-3592.0
-12787.0,-3585.0
-12793.890709298917,-3584.9615514306124
-12860.0,-3587.0
-12868.7835000358,-3587.6371032454613
-12967.837572922252,-3597.8631814695236
-12985.0,-3600.0
-13033.262637256483,-3607.225372451452
-13077.0,-3616.0
-13139.31083856627,-3629.2909164868265
-13172.0,-3637.0
-13267.0,-3665.0
-13278.152459695342,-3668.8863324001495
-13430.0,-3727.0
-13480.127120267638,-3749.403403441356
-13523.0,-3770.0
-13604.0,-3808.0
-13688.0,-3846.0
-13729.513930172661,-3864.289258300847
-13780.0,-3886.0
-13833.845087030186,-3908.5108619926477
-13942.0,-3953.0
-14004.466592500112,-3979.331832565496
-14036.0,-3993.0
-14189.241449430569,-4063.0698522576936
-14222.0,-4079.0
-14274.839002681023,-4105.716344269164
-14312.0,-4125.0
-14497.0,-4222.0
-14574.85214805551,-4262.248942248151
-14641.0,-4295.0
-14724.04169203252,-4335.757772780398
-14790.0,-4368.0
-14905.106318196233,-4424.157031978928
-14929.0,-4436.0
-14995.827392421721,-4469.796308581155
-15106.0,-4529.0
-15274.703111283021,-4623.571178340497
-15309.0,-4643.0
-15388.155715632667,-4689.012230081652
-15418.0,-4707.0
-15569.496243651423,-4796.190850136801
-15650.0,-4842.0
-15801.858409332088,-4927.063887310047
-15849.0,-4953.0
-16041.685563143357,-5050.66469382607
-16130.0,-5120.0
-16321.0,-5362.0
-16337.66810035264,-5389.894447187207
-16399.767856232713,-5523.908967923355
-16449.004014836537,-5675.436425246417
-16453.0,-5688.0
-16480.447258323453,-5775.44411924499
-16521.0,-5910.0
-16556.769735044298,-6033.217396358426
-16557.0,-6034.0
-16778.93608500081,-6733.112140365172
-16793.0,-6781.0
-16833.0,-6924.0
-16847.514137822185,-6981.846699322234
-16863.0,-7057.0
-16883.567041058417,-7198.161472873189
-16905.0,-7404.0
-16907.431660953782,-7435.6597202371495
-16907.0,-7623.0
-16906.099284991087,-7642.267403549535
-16893.584255090693,-7868.538309330794
-16890.0,-7928.0
-16881.284493366587,-8060.025498384391
-16870.0,-8206.0
-16859.0,-8348.0
-16852.0,-8432.0
-16842.01104956984,-8549.483187377133
-16835.0,-8643.0
-16830.84785224111,-8722.970919207133
-16833.0,-8866.0
-16841.943249779746,-8990.814102384804
-16848.0,-9063.0
-16855.7562725498,-9138.174079547534
-16859.0,-9170.0
-16863.10474852891,-9222.800437392065
-16867.0,-9281.0
-16868.885714761647,-9314.14622701204
-16871.0,-9371.0
-16871.199159038275,-9384.566252879418
-16870.0,-9448.0
-16867.0,-9477.0
-16862.230692588688,-9497.878210385124
-16840.632942590477,-9561.942353749233
-16834.0,-9579.0
-16824.53998868455,-9597.895309630627
-16811.0,-9607.0
-16804.711022731084,-9611.578890424511
-16759.091020048647,-9644.050929137271
-16749.0,-9650.0
-16698.0,-9674.0
-16678.419773760583,-9682.917449425551
-16659.0,-9692.0
-16600.129600480162,-9720.844727108397
-16592.0,-9725.0
-16472.0,-9788.0
-16446.616399868857,-9801.340429017766
-16398.819592741926,-9826.03276137617
-16351.0,-9851.0
-16251.776488122585,-9902.987806513147
-16221.0,-9919.0
-16164.824874966112,-9947.130347366945
-16159.0,-9950.0
-16082.852493962439,-9987.756755750206
-16048.0,-10005.0
-15862.279852671816,-10096.50609234177
-15841.0,-10107.0
-15766.43311902791,-10144.114254847793
-15747.0,-10154.0
-15617.142160358964,-10220.83749590397
-15560.0,-10251.0
-15455.0,-10308.0
-15454.424176416891,-10308.319627093162
-15365.0,-10359.0
-15364.456206505554,-10359.314320925694
-15258.0,-10422.0
-15211.746739517472,-10449.383652865095
-15114.117288551879,-10506.922345723904
-15102.0,-10514.0
-14994.062306118165,-10576.193776745662
-14982.0,-10583.0
-14896.458953838206,-10630.2789054207
-14884.0,-10637.0
-14719.904670653168,-10722.019750085628
-14708.0,-10728.0
-14626.088981647568,-10769.119170437101
-14613.0,-10776.0
-14471.004180713817,-10855.309663689726
-14370.0,-10914.0
-14320.204010496876,-10943.547779544318
-14214.0,-11003.0
-14077.100956387925,-11068.34478249831
-14056.0,-11078.0
-14013.003063430082,-11095.76091962968
-13990.0,-11102.0
-13935.348136963274,-11116.596229510582
-13865.249741168982,-11132.570961516332
-13841.0,-11136.0
-13818.0,-11138.0
-13789.356507383989,-11138.742500661123
-13729.0,-11132.0
-13722.049195704716,-11130.458028316905
-13653.0,-11107.0
-13641.03162488138,-11100.899455407583
-13602.0,-11073.0
-13557.408020041235,-11025.621384864857
-13495.07495829504,-10944.163588674046
-13490.0,-10937.0
-13433.957127360934,-10837.794297118746
-13427.0,-10824.0
-13386.0,-10743.0
-13378.050717623692,-10726.869817308349
-13350.0,-10669.0
-13308.0,-10584.0
-13303.381936217567,-10574.83565014601
-13267.536783899237,-10504.133833727454
-13263.0,-10495.0
-13226.0,-10419.0
-13200.360453266336,-10366.945967650165
-13140.0,-10244.0
-13134.415866890135,-10232.240463823555
-13098.0,-10155.0
-13092.44177388551,-10143.53628688823
-13056.0,-10070.0
-12994.0,-9945.0
-12986.468259460396,-9930.813289791407
-12914.637586170982,-9800.656420107895
-12867.0,-9717.0
-12829.3141244143,-9654.20227458978
-12797.0,-9605.0
-12776.592174217662,-9574.20911936408
-12730.0,-9505.0
-12714.208258391496,-9482.199636640438
-12634.0,-9372.0
-12582.695588179278,-9306.48795543484
-12556.0,-9274.0
-12442.0,-9147.0
-12431.965314576695,-9136.687637366807
-12305.597534473647,-9015.953666497564
-12262.0,-8976.0
-12240.0,-8956.0
-12149.669381970676,-8876.763419688008
-12094.0,-8829.0
-12040.42101567635,-8783.1730599366
-11997.0,-8746.0
-11893.0,-8656.0
-11881.216671637669,-8645.579975561255
-11718.0,-8495.0
-11641.0,-8418.0
-11520.518530994921,-8287.649002318954
-11422.0,-8181.0
-11344.604686969322,-8106.191467563071
-11296.0,-8061.0
-11161.149764590498,-7932.416064050345
-11048.0,-7816.0
-10989.639336073908,-7738.460372258308
-10961.0,-7684.0
-10931.932246428942,-7619.53251821483
-10706.0,-6875.0
-10691.1869965908,-6809.956586982028
-10654.545442133382,-6649.031864136043
-10641.0,-6602.0
-10615.05331874166,-6524.973305443833
-10597.0,-6480.0
-10561.954154080342,-6406.99137410613
-10540.0,-6367.0
-10457.19071930392,-6249.40897903889
-10443.0,-6234.0
-10218.0,-6024.0
-10185.008598378117,-5995.378586592211
-10024.0,-5882.0
-10011.639241784587,-5873.494429989394
-9858.0,-5764.0
-9798.742374883339,-5720.505095424091
-9757.0,-5689.0
-9496.0,-5487.0
-9468.359889206567,-5465.596378053385
-9387.457605850128,-5403.807637899289
-9368.0,-5389.0
-9212.0,-5270.0
-9169.893392955759,-5237.856145729248
-9041.42507740844,-5139.69344267869
-8987.0,-5098.0
-8871.0,-5009.0
-8707.0,-4884.0
-8651.815071061064,-4842.717401276289
-8596.0,-4801.0
-8485.0,-4717.0
-8408.053989193537,-4658.115265904509
-8382.0,-4638.0
-8270.743231496794,-4551.129875780987
-8156.0,-4462.0
-8045.0,-4379.0
-7989.736786585875,-4340.637827547511
-7864.0,-4261.0
-7849.734507691839,-4252.526252229826
-7789.0,-4218.0
-7542.0,-4096.0
-7505.508216477017,-4079.4507680811134
-7330.0,-4007.0
-7235.974725933777,-3969.971288140811
-7075.0,-3907.0
-6999.48700295995,-3877.2131740632867
-6766.541624224813,-3784.1290389505316
-6724.0,-3767.0
-6561.0,-3701.0
-6501.34385144638,-3676.8234724303165
-6349.0,-3615.0
-6333.155821173226,-3608.5482949174175
-6169.295682718129,-3541.6465690049376
-6153.0,-3535.0
-6055.0,-3495.0
-5972.06938927769,-3460.7396769275647
-5839.522608536564,-3405.412723563141
-5778.0,-3380.0
-5663.1049722877215,-3333.086999371927
-5634.0,-3321.0
-5536.7295557766365,-3279.7702124549046
-5471.0,-3252.0
-5306.0738880556155,-3184.1641087616754
-5291.0,-3178.0
-5112.459503380355,-3104.653485774712
-5094.0,-3097.0
-4833.0,-2988.0
-4714.787384695989,-2938.16020537598
-4621.0,-2898.0
-4620.271787385669,-2897.687121316233
-4507.0,-2849.0
-4489.561724105601,-2841.5321447985384
-4300.549980595434,-2761.1671670157225
-4286.0,-2755.0
-4190.506737483126,-2714.5583874120425
-4040.0,-2651.0
-3799.4219544997914,-2549.5677869356723
-3753.0,-2530.0
-3639.0,-2482.0
-3615.901078770029,-2472.2916512058714
-3475.0,-2413.0
-3271.8285590954306,-2327.2001789886754
-3139.0,-2271.0
-3041.0024010707325,-2229.3215293883873
-2974.0,-2201.0
-2892.4993965191875,-2166.7554928534755
-2784.0,-2121.0
-2697.5288312154735,-2083.9347509673817
-2544.0,-2018.0
-2260.0,-1898.0
-2199.7841758983454,-1872.6440004140838
-2112.1505491095527,-1836.1291564848962
-2060.0,-1815.0
-2011.167199547519,-1795.294277556506
-1848.0,-1731.0
-1542.298727953492,-1615.4876531046395
-1541.0,-1615.0
-1261.5805655527347,-1510.5556352776762
-1171.0,-1477.0
-1109.5955014230174,-1454.4730111695044
-1033.0,-1426.0
-975.3300164735143,-1404.1687338771897
-829.9752100406079,-1348.9335472316354
-793.0,-1335.0
-619.6577669969901,-1270.4592188872562
-586.0,-1258.0
-481.4223063362058,-1219.3434633982083
-327.0,-1162.0
-258.0,-1136.0
-188.128650287686,-1109.3864274067973
40.985613741075305,-1021.1931664665443
85.0,-1004.0
205.70270984146873,-954.5567371158526
289.0,-918.0
304.25472138207596,-911.5175868260445
443.0,-853.0
509.4096288445385,-824.6138010256362
618.0,-778.0
635.0732648705089,-770.7573708972998
857.0,-678.0
909.6171324265324,-656.0717418140197
1078.2971397355468,-585.7108045045345
