-1454.5751718416811,-138.3354780168343
-1556.4522225162864,-55.28700030248106
-1624.0,0.0
-1689.7268290336594,53.97832061302827
-1741.0,96.0
-1873.1586167788623,203.87442210659677
-1932.0,252.0
-2006.8645499167662,313.8358204047312
-2100.0,391.0
-2131.3813786557375,416.75092995935904
-2321.0,572.0
-2382.9160191351316,622.874031980636
-2546.6821926877533,758.3263562253965
-2556.0,766.0
-2651.5996796696336,844.2990822036569
-2694.0,879.0
-2767.729485600933,939.4269695702739
-2833.0,993.0
-2939.175248777042,1080.3579294558392
-3085.144117262866,1200.474739110226
-3087.0,1202.0
-3260.0,1344.0
-3325.5230095222646,1397.1506659008264
-3351.0,1418.0
-3413.4918404355253,1469.5498554642568
-3488.0,1531.0
-3525.477769863248,1561.7354264196608
-3631.0,1648.0
-3663.0491041196233,1674.335573865874
-3825.0828316340903,1807.8932557259925
-3897.0,1867.0
-4005.8342987981296,1955.3506991956567
-4110.0,2037.0
-4121.402946470435,2045.9637032118596
-4217.0,2121.0
-4229.8393805979595,2131.0095496732347
-4325.0,2205.0
-4553.573238681824,2386.3752599078325
-4567.0,2397.0
-4706.17018762751,2505.587491910915
-4757.0,2545.0
-5002.0,2735.0
-5035.857230521574,2761.2082198459107
-5122.355251262939,2827.878034915362
-5167.805783557099,2862.9400819335165
-5220.0,2904.0
-5289.997955669828,2959.39642614409
-5418.0,3061.0
-5444.938690259956,3082.394535911142
-5549.272308147917,3166.3992655595534
-5550.0,3167.0
-5720.0,3311.0
-5752.863400833719,3339.6916513974043
-5805.003926811034,3387.873064846341
-5843.0,3427.0
-5862.111560676092,3447.337123005217
-5917.875059187269,3508.6979878047446
-5936.0,3530.0
-5982.0,3592.0
-6019.824478669331,3653.5516298685225
-6037.0,3684.0
-6069.354274850041,3754.163777244214
-6082.0,3824.0
-6082.502635540272,3876.1372005753396
-6075.0,3954.0
-6073.041650297605,3966.3854694355546
-6061.544306079114,3999.740618297567
-6037.0,4028.0
-6021.324080226535,4043.8453002549436
-5973.0,4089.0
-5928.9019626896015,4116.040888276355
-5911.0,4122.0
-5827.0,4148.0
-5821.826312631952,4149.303780805879
-5766.654420898621,4157.708685773553
-5751.0,4159.0
-5710.053875628027,4161.905126749421
-5656.0,4164.0
-5595.0,4163.0
-5574.77531581256,4162.325157399103
-5529.0,4160.0
-5410.0,4148.0
-5384.787770131843,4144.502254902435
-5293.718448665903,4128.729951703015
-5243.0,4122.0
-5234.0,4121.0
-5130.542148042314,4100.348606470759
-5080.0,4088.0
-5028.917947263755,4075.5043236875963
-4999.0,4068.0
-4939.628836878865,4052.155059658062
-4895.0,4039.0
-4844.220717347628,4023.0271267440826
-4743.0,3989.0
-4711.2673778997505,3977.6360428256453
-4699.0,3973.0
-4560.745865448239,3914.4947209557317
-4442.0,3861.0
-4389.218333120548,3836.497042932813
-4329.0,3803.0
-4313.521590839802,3793.2661160362877
-4133.203730664821,3669.8898431238977
-4008.083735767675,3579.58488579321
-3741.6465128634463,3382.4397919641833
-3661.7767352071196,3321.548946342556
-3638.0,3303.0
-3577.1101011180267,3252.920050253812
-3515.0,3199.0
-3444.036881995942,3137.321571063192
-3324.0,3033.0
-3273.899444731029,2989.5711324308677
-3233.0,2954.0
-3127.313698581384,2861.275479447871
-3002.5959161553296,2751.5244825326326
-3002.0,2751.0
-2897.0,2659.0
-2885.622837750328,2649.1829361315695
-2753.0,2538.0
-2594.40396592259,2413.0745054703684
-2593.0,2412.0
-2444.1211712557306,2308.4740468914783
-2401.0,2285.0
-2268.801221443312,2223.1743896462267
-2193.0,2191.0
-2176.8437773203736,2184.534627043679
-2125.8149346148844,2174.0430993880705
-2125.0,2174.0
-1980.8368365808758,2176.098047367421
-1922.0,2179.0
-1889.0475302589891,2184.800814531542
-1872.0,2195.0
-1751.9528487556834,2270.239155298717
-1739.0,2279.0
-1717.4438164190321,2295.616850442427
-1701.0,2321.0
-1674.4032083888267,2364.3433317323465
-1635.0,2432.0
-1609.8572422936222,2505.6520992761784
-1608.0,2517.0
-1598.0,2594.0
-1596.2169008160843,2628.5834509302113
-1597.0,2653.0
-1609.620561179303,2748.47194051401
-1619.0,2799.0
-1627.6930478977858,2837.433432675781
-1655.996456366209,2914.8458443909517
-1659.0,2922.0
-1696.0,3006.0
-1725.5002485402292,3065.3954218475433
-1730.0,3074.0
-1794.0,3188.0
-1803.9318753091366,3204.5026404245837
-1854.0,3288.0
-1876.901403252978,3329.185952296931
-1959.0,3484.0
-1985.7637299875828,3538.517519707051
-1999.5520180868593,3575.9283567343577
-2008.0,3602.0
-2030.0,3673.0
-2035.622445857386,3692.54661777391
-2063.0,3803.0
-2075.237874909514,3874.2917765346524
-2081.0,3925.0
-2084.2227425864558,3976.042918923516
-2083.0,4096.0
-2080.266515628268,4133.176308004077
-2079.0,4147.0
-2044.0,4324.0
-2039.1606577838684,4338.01666107395
-1966.2127300355926,4511.8018355279255
-1947.0,4553.0
-1904.0819683548593,4632.099750351874
-1894.0,4650.0
-1828.643784623157,4769.370543271364
-1821.0,4783.0
-1736.0,4927.0
-1692.3819419863587,4998.611855901171
-1581.0,5182.0
-1527.4555587972964,5277.25270400255
-1490.0,5347.0
-1434.0,5450.0
-1427.4694723180417,5461.951205321619
-1377.0,5554.0
-1327.589481372236,5644.095274818687
-1212.0,5855.0
-1182.4332269568147,5909.192008001524
-1154.0,5961.0
-1137.883532345416,5990.296305782375
-1000.0,6241.0
-982.966594594635,6272.134459821199
-925.7347316708663,6378.239027887048
-890.0,6443.0
-833.2801652922941,6543.812852025559
-822.0,6564.0
-702.0,6780.0
-670.1050517318383,6837.55863473124
-634.0,6902.0
-558.0226613902253,7033.766196400565
-532.0,7076.0
-472.06916005806556,7165.411990281954
-394.0,7275.0
-358.0,7327.0
-296.56381577665263,7411.709641560337
-245.0,7480.0
-152.14779203109632,7601.205099920411
-36.0,7754.0
-26.60740689263106,7766.774666340079
29.08395211389538,7849.10886318744
66.0,7919.0
104.0,7996.0
135.80939400023487,8072.129808871073
175.0,8227.0
189.89190599927107,8387.876083479494
191.0,8421.0
186.47211516773964,8512.507296095899
173.18644783283915,8584.028089418869
173.0,8585.0
146.46713163265352,8701.396083244903
146.0,8703.0
61.0,8954.0
56.34457977968471,8966.906027569421
19.95382973319859,9060.020988547016
6.0,9095.0
-31.0,9191.0
-69.36412008432336,9294.352381097826
-102.0,9389.0
-114.82571707476396,9429.110655659415
-147.0,9538.0
-174.0,9647.0
-185.43100568892802,9715.539694127181
-203.0,9887.0
-204.25472363319295,9932.205788226202
-180.83023232435954,10090.218661777832
-177.0,10105.0
-144.0,10200.0
-140.7161589413106,10207.022971492002
-82.80751609875847,10310.75753677598
-56.0,10346.0
44.38383350144775,10441.160010485799
113.59205210046278,10488.75956188488
114.0,10489.0
203.31285550934527,10526.871500542513
251.0,10539.0
270.99556261611133,10543.266825552826
350.94550001707734,10555.282843672063
358.0,10556.0
464.0,10556.0
575.4553475761708,10536.996570362215
622.0,10527.0
708.1333106701908,10503.641402083578
839.0,10440.0
853.3250277796717,10432.121078352333
943.1431230954772,10380.763364037153
998.0,10345.0
1087.4210802798327,10278.163400786323
1178.0,10203.0
1268.0,10124.0
1276.2196491126604,10116.486452927635
1360.0,10036.0
1376.3383010860757,10019.828564960852
1421.0,9975.0
1462.2117835609058,9932.409439459138
1491.0,9902.0
1642.3427163182898,9738.345258676964
1671.0,9707.0
1720.1495404583766,9652.475618638331
1759.0,9609.0
1845.059337736444,9513.245918439115
1903.0,9449.0
2042.4072264927245,9295.395335081626
2067.0,9268.0
2126.6036104578534,9200.979892821093
2152.0,9172.0
2238.0,9071.0
2243.673241876502,9064.193997198681
2291.0,9002.0
2305.7314081144295,8979.061804660285
2353.0,8900.0
2380.590993642449,8844.451279080156
2385.938819184446,8816.26409228201
2386.0,8816.0
2399.0,8753.0
2399.6358663774163,8691.006561498656
2388.0,8610.0
2377.7376020903143,8574.372202677834
2336.0,8494.0
2328.0179387560634,8479.256058019826
2307.0,8439.0
2299.463312605304,8424.64939148717
2283.0,8388.0
2272.553830434699,8354.307133081677
2254.0052741450104,8271.224923446049
2247.0,8234.0
2245.0,8191.0
2245.3135711810637,8180.434851733328
2248.170281603416,8084.974822781714
2249.0,8069.0
2253.0,8022.0
2259.2278289565566,7984.491920206103
2284.889103636109,7875.837339285319
2292.0,7849.0
2313.3724433420966,7778.53025032465
2322.0,7751.0
2349.0975871699425,7660.701909008562
2367.0,7599.0
2378.8433654555156,7557.363377823687
2399.0,7484.0
2414.892409599529,7421.003273648356
2428.0,7367.0
2461.984673670668,7230.609501483746
2471.0,7195.0
2487.0,7134.0
2493.683668681647,7111.737480361085
2531.0,7014.0
2555.2995074801397,6964.181564008726
2590.0,6905.0
2648.0,6826.0
2676.5003679117285,6789.500722533241
2759.0,6716.0
2818.5823052824953,6680.363972849938
2893.0,6640.0
2917.5894061241297,6627.40788247525
2948.0,6621.0
2977.7940415472076,6614.724615745231
3063.0,6597.0
3083.144916384293,6593.81145373437
3222.099810533635,6582.52825448967
3233.0,6582.0
3254.0,6581.0
3325.8394174160157,6575.444528733293
3387.0,6569.0
3426.409799216888,6564.524685321603
3500.0,6552.0
3674.457104386356,6491.6739133353885
3683.0,6488.0
3751.0,6445.0
3776.7483338055213,6422.876696184948
3893.0,6316.0
3900.1115670085246,6309.005375192175
3938.5254218501423,6264.307230391381
3959.0,6224.0
4002.0,6137.0
4019.1011895665843,6088.769337385021
4028.0,6052.0
4035.666951965884,6008.139461640098
4047.0,5866.0
4046.910446540176,5853.329787329117
4023.0,5657.0
4020.4725007735688,5642.710296511436
4012.2823860026438,5601.595682873034
4003.0,5563.0
3988.7655442688415,5506.9766043094005
3973.0,5448.0
3904.0,5207.0
3880.8685151339873,5125.309821295689
3867.0,5064.0
3851.0,4982.0
3846.869225667938,4961.1654414284185
3825.0,4780.0
3829.0,4559.0
3832.5165196322596,4473.404592094664
3837.0,4440.0
3848.660878232967,4361.508594493817
3864.0,4285.0
3876.0367255725314,4236.300241027036
3925.0,4075.0
3965.2718124850926,3973.714288356997
4030.043537013718,3854.9067861449607
4070.0,3794.0
4133.716850778813,3706.7844164957273
4233.8168993935815,3577.9319599973805
4253.0,3552.0
4354.244907914912,3404.6814269295637
4422.783335772537,3286.2001696425673
4429.0,3274.0
4482.773299798594,3149.6045250268244
4511.0,3066.0
4530.505072604336,2992.892977728655
4542.0,2923.0
4545.480518775711,2889.112608946062
4549.6574824517975,2731.02221373597
4548.0,2704.0
4526.0,2564.0
4522.883530621247,2551.698926910614
4490.947292295723,2455.093381155177
4486.0,2443.0
4433.86686148729,2335.786073820547
4428.0,2325.0
4372.174692073476,2235.737671592138
4339.0,2194.0
4196.0,2031.0
4150.583823311632,1981.1300365443078
4104.052666370491,1935.2833833510306
4062.0,1895.0
3985.0,1818.0
3937.266919898597,1769.135880634469
3904.0,1735.0
3833.9012228156703,1663.3996230397458
3702.0,1529.0
3659.007563470406,1485.0414015254298
3593.0,1417.0
3545.144915426594,1367.9035734900497
3441.0,1261.0
3431.548947470126,1251.2635190693265
3324.0,1140.0
3314.88547749706,1130.559059705719
3242.0,1055.0
3215.168388349295,1027.08153291
3169.0,979.0
3139.7725486162562,948.6609120603042
3039.0,844.0
2985.624811458369,787.9592377356373
2883.2836236669405,679.0632094619593
2873.0,668.0
2808.4662227810154,597.9856590948908
2780.0,567.0
2635.0,409.0
2567.696673052456,334.8185586567653
2502.0,258.0
2456.7794468594243,205.32781481520473
2383.0,119.0
2337.9168654599594,65.18478722719483
2266.0,-21.0
2258.7458560373016,-29.464415063449852
2199.3639264445815,-95.62519588964109
2199.0,-96.0
2142.2695869752943,-149.22111925942028
2115.0,-174.0
2102.0,-186.0
1993.7729685192087,-258.13490291290327
1980.0,-265.0
1927.0,-287.0
1913.9415171146552,-290.9569473581551
1832.8865356895285,-302.8927292032536
1826.0,-303.0
1800.0,-302.0
1747.0,-293.0
1717.179663271378,-285.0494756638581
1685.0,-272.0
1611.5972999541564,-227.9616402578078
1565.0,-195.0
1518.398845777732,-156.82636303466268
1455.0,-89.0
1383.0676059499945,-5.521771776189267
1344.0,41.0
1339.0436010953147,46.96765704115549
1305.0157771386803,88.60270356852138
1251.2380362246972,156.03376890229828
1235.0,176.0
1191.1962455653006,229.45384111321926
1185.0,237.0
1144.2156540280514,286.61067648450063
1106.0,332.0
1029.6615017035422,420.86512667484874
1001.0,454.0
944.3225894070633,517.9872390024437
914.0,551.0
867.9399896722555,601.2451971294493
780.0,697.0
747.717636820789,731.8550533390379
665.0,815.0
652.7521656897126,825.8128419276068
579.8493234236054,884.9775489851065
433.69903603991366,987.5234839968039
334.63289454560066,1044.368153645469
191.8874022171725,1091.7949738353266
175.0,1094.0
112.0,1095.0
97.23899950325884,1093.9958454674977
59.0,1089.0
-48.486642432166725,1055.3500923215672
-79.0,1040.0
-160.48358266388018,974.736013850709
-181.0,953.0
-196.48997672462417,934.6737506752556
-212.76904767564437,909.9796010903517
-226.0,882.0
-244.12991390668836,834.1115573136635
-251.0,811.0
-261.4739306220079,755.2171898059546
-263.0,738.0
-263.03006311029503,686.7203641338185
-262.0,675.0
-253.0,624.0
-251.64430556316395,618.3548232480578
-245.0,595.0
-183.0,469.0
-171.1474072486238,450.4304765143423
-140.53789325854376,410.3366979401775
-101.0,369.0
-15.505269814138385,290.7293924693685
45.0,239.0
50.51720035140503,234.4490884508905
110.95415663719011,188.67616715863792
134.0,172.0
228.0,104.0
260.90528564460243,80.58402035689933
327.0,34.0
395.4816010852694,-14.440238424458903
413.0,-27.0
485.1061262337033,-79.65542872598911
495.0,-87.0
561.7940724084424,-137.2332490330886
572.0,-145.0
648.1624206015381,-204.32316192518294
649.0,-205.0
716.0,-261.0
731.7232231871861,-274.5440440172419
815.1032759978202,-351.7321325353145
844.0,-384.0
951.189159533534,-526.7228872626604
952.0,-528.0
1013.7102887162911,-661.4839561561246
1034.8391141122097,-750.2011853242279
1035.0,-751.0
1045.9852404463124,-821.411745035869
1045.0,-911.0
1043.2181324551111,-929.1939212704832
1032.0,-1008.0
1028.7620821844914,-1024.705939516297
1008.1304681028219,-1097.6433766928521
1008.0,-1098.0
960.0,-1198.0
929.0,-1244.0
924.7988793812863,-1249.7352340307082
864.0,-1317.0
832.5384898115881,-1342.545376116532
744.342448052552,-1404.7774773501792
744.0,-1405.0
704.7415414620162,-1427.4824087971658
667.0,-1441.0
601.4575365690639,-1463.0790819931547
582.0,-1468.0
428.358167873155,-1492.1607849946938
421.0,-1493.0
392.00156037854634,-1495.1024375288475
368.0,-1493.0
320.18333735284784,-1488.3820947349957
237.0,-1476.0
176.7607102500946,-1459.8507812747885
111.0,-1436.0
68.44367168198644,-1417.5235317537329
6.0,-1383.0
-54.06794525880785,-1344.8371785307313
-134.0,-1291.0
-197.7915316964117,-1245.1140671781495
-325.0,-1137.0
-330.87084100527477,-1131.8986519119185
-413.05209107595397,-1061.2623248385787
-453.0,-1026.0
-590.8520390289677,-902.6523241265545
-616.0,-880.0
-717.9000817383514,-787.069093339958
-798.0,-713.0
-814.3168348474234,-698.0399094645265
-892.0,-627.0
-910.7575623395779,-609.8364218656673
-972.0,-554.0
-1083.0,-455.0
-1090.8035268677838,-448.10550266660925
-1208.0,-346.0
-1346.0,-227.0
-1440.6737106338774,-145.94090612520677
-1559.1213591467695,-47.54566063883725
