-1343.3800851517499,-382.4177225561458
-1334.3063157492556,-389.4291954117846
-1283.0,-429.0
-1151.071691791707,-530.4628588050213
-1127.0,-549.0
-1051.8805021080768,-607.2854382305021
-999.0,-648.0
-960.83505438656,-677.1568336384344
-789.0,-808.0
-729.113483509207,-853.708207407913
-653.0,-912.0
-651.0817686883046,-913.4686261378475
-487.6283051571567,-1038.6186780989567
-478.0,-1046.0
-384.0,-1118.0
-370.1462525462322,-1128.5449636759847
-301.0,-1181.0
-212.00047369327578,-1248.8065959446528
-71.0,-1357.0
19.964121619828738,-1428.0364266916906
38.0,-1442.0
162.0,-1537.0
266.1039376813392,-1616.7787556606204
350.0,-1681.0
464.0,-1768.0
466.93205483424754,-1770.2417159384072
695.0,-1945.0
786.7301756820374,-2015.124776802793
915.0,-2113.0
965.8257677430215,-2151.880311872591
1098.0,-2253.0
1202.306932843847,-2332.553193422016
1296.0,-2404.0
1333.165000970134,-2432.445988817416
1442.0,-2516.0
1458.1617043905314,-2528.4339888412965
1576.0,-2619.0
1622.4821977967074,-2654.4413012564564
1706.0,-2718.0
1815.3231055189754,-2801.8144041644136
1826.0,-2810.0
1950.5849697328622,-2905.323978197735
1988.0,-2934.0
2136.0,-3048.0
2139.269705119379,-3050.5313626205357
2244.0,-3132.0
2387.053778895648,-3244.315667345452
2499.0,-3332.0
2561.722395168102,-3380.5253150205945
2675.0,-3466.0
2677.4046708148157,-3467.8069074939312
2809.0,-3568.0
2859.179532786772,-3608.9572627413495
2967.450187906688,-3702.866442695785
2977.0,-3711.0
3087.0,-3803.0
3151.0584854744607,-3855.8547969341025
3182.0,-3881.0
3231.5145113271687,-3920.691516411843
3251.0,-3936.0
3366.8945363476782,-4018.2247562814455
3372.0,-4021.0
3404.0,-4036.0
3449.780248413645,-4051.271361045531
3511.9462693654937,-4065.700832892214
3524.0,-4068.0
3578.8695617907324,-4074.45955735401
3603.0,-4074.0
3651.0,-4067.0
3691.9276469999218,-4051.163671243098
3727.1989094315004,-4028.153490794389
3738.0,-4019.0
3768.0,-3985.0
3786.450181577029,-3955.65970351288
3791.0,-3947.0
3809.0,-3887.0
3809.107613441141,-3886.3060133841764
3813.0,-3848.0
3813.350782323531,-3826.608785627111
3811.0,-3782.0
3790.0,-3614.0
3787.988251021833,-3601.1107134714516
3777.0,-3537.0
3775.443985846899,-3529.0433896702784
3765.0,-3479.0
3764.6748446595525,-3477.4658435051524
3750.897194723938,-3417.7741833413716
3740.0,-3385.0
3721.807205002367,-3336.6658596827087
3700.0,-3282.0
3672.6074246985577,-3219.837834723142
3637.0,-3147.0
3580.0,-3024.0
3579.0064002692266,-3021.8487468363646
3541.0,-2939.0
3525.0083505257853,-2903.507432893353
3489.0,-2821.0
3488.116776049687,-2818.874222428443
3431.9984021208265,-2670.6183455423907
3429.0,-2662.0
3400.0,-2574.0
3363.750025722249,-2442.2630911262095
3353.0,-2397.0
3334.0,-2302.0
3330.3029461314923,-2275.520213340143
3326.0,-2229.0
3338.0,-2024.0
3338.3033137241173,-2021.561239259967
3365.0,-1877.0
3371.0423951085877,-1854.096853381351
3434.0,-1646.0
3466.3395950148133,-1571.7263730654183
3481.0,-1547.0
3544.6555851271037,-1433.7841128262182
3557.0,-1413.0
3628.0,-1311.0
3642.1241130153326,-1294.6274918148679
3815.0,-1119.0
3837.370901154666,-1097.349215245361
3888.7829691644315,-1052.7648339053649
3965.0,-1003.0
4025.020553423439,-964.172190334067
4186.0,-861.0
4265.758968013865,-817.8845768463062
4278.0,-812.0
4441.0,-728.0
4460.507104047914,-717.9072792605205
4629.586925497609,-630.2341003316623
4706.0,-588.0
4780.378974806883,-543.7418973255454
4920.346108101335,-449.8180468172584
4947.0,-431.0
4992.444317491244,-398.11216893896545
5072.422609571297,-336.40440909197326
5083.0,-328.0
5332.0,-124.0
5348.41051477059,-109.68436369570092
5418.507382112478,-39.06866891503998
5449.627558710173,18.134132792244873
5468.0,52.0
5563.0,226.0
5633.0,347.0
5635.708452514787,351.7522842956987
5727.0,511.0
5811.664361446693,640.9043214176274
5925.200979037196,771.7177818965081
5930.0,777.0
6007.709111749552,853.0077329984537
6097.0,903.0
6254.226486530949,978.8826903345234
6367.0,1031.0
6457.434329022506,1070.3292945040967
6504.0,1134.0
6527.2612550694585,1167.836348581465
6652.0,1355.0
6653.809880557496,1357.8991849233093
6706.0,1486.0
6706.511861475088,1488.062327950198
6755.0,1683.0
6755.703301905961,1685.9127771459928
6791.0,1836.0
6801.362825841286,1879.9126870944917
6819.0,1945.0
6855.442789033119,2038.6573626486029
6860.0,2049.0
6931.0,2189.0
6932.445518719083,2191.387267510268
7019.0,2310.0
7029.6543645961365,2322.2043989625527
7145.0,2434.0
7167.494221181533,2452.7974385659154
7254.186921836667,2518.5902462821955
7295.0,2547.0
7358.991795553197,2588.213207586299
7395.0,2609.0
7441.0,2634.0
7502.423615737148,2665.286361873123
7704.0,2737.0
7816.641734214283,2750.165743625217
7971.0,2752.0
8021.654204415523,2750.569737205509
8173.833979362507,2709.513522955378
8186.0,2705.0
8355.0,2640.0
8407.588226572148,2618.745859450484
8487.471008412296,2579.0719730517453
8495.0,2575.0
8600.0,2517.0
8626.247905345983,2501.8725167406906
8718.675901614666,2450.071710861131
8743.0,2439.0
8880.556255009697,2388.795630141025
8950.0,2366.0
9016.021144748109,2344.3219517763628
9097.0,2336.0
9114.694258878144,2336.063262177045
9294.185150439933,2346.654525582306
9305.0,2348.0
9391.850468401512,2376.383523645478
9443.0,2416.0
9517.630240466451,2463.3653869079044
9598.0,2517.0
9633.670031728152,2544.132172583793
9736.323240327962,2636.2095355736387
9781.0,2683.0
9873.761401775351,2797.424850009901
9937.0,2881.0
9981.0200030459,2931.9252036436037
10026.0,2980.0
10034.19881923796,2988.9699737216324
10153.0,3118.0
10199.241346193105,3158.146976033689
10215.0,3169.0
10282.775478109585,3209.7319316328035
10297.0,3217.0
10413.0,3259.0
10435.830527753162,3264.246168801743
10519.0,3270.0
10575.884856087832,3265.544184408107
10626.0,3260.0
10690.314566280065,3249.6716057266144
10719.895180974534,3237.5143724694544
10741.0,3228.0
10800.0,3200.0
10801.460572544087,3199.2346593678467
10896.0,3138.0
10897.461273708905,3136.8947521971104
10963.0,3084.0
10970.938834600613,3077.1431584227403
11054.0,2995.0
11118.670836453939,2925.9640786523687
11124.0,2921.0
11239.0,2852.0
11266.311653120014,2842.135816208606
11328.0,2825.0
11429.0,2813.0
11450.67030215863,2812.311779985163
11506.0,2813.0
11527.777175017833,2814.152655322565
11596.0,2820.0
11746.0,2837.0
11748.421596498843,2837.2973447914105
11846.71540372265,2850.730072095861
11880.0,2857.0
12021.0,2889.0
12035.141778786881,2892.3766750269315
12191.592263835393,2932.5466402143043
12235.0,2944.0
12336.953923778665,2970.8460915753876
12387.0,2984.0
12485.390443256374,3009.7012657293326
12544.0,3025.0
12554.037071347808,3027.6467943175826
12727.0,3083.0
12730.864372811166,3084.5359793466127
12911.0,3161.0
12967.683252527855,3187.087995863185
12984.0,3195.0
13091.924845533964,3245.711297796096
13252.0,3330.0
13309.590313599905,3369.6491850024
13423.0,3473.0
13434.653439547163,3484.1145994853932
13507.0,3555.0
13546.62869428093,3596.34287452566
13704.669542079522,3771.456379052663
13713.0,3781.0
13782.469394692946,3863.849690423879
13852.0,3954.0
13880.0,3990.0
13881.401294288296,3991.791731509051
13973.0,4107.0
13994.075533319394,4133.343236873051
14135.0,4309.0
14162.73718972609,4343.44445039785
14300.0,4513.0
14341.041478810914,4562.458775559049
14410.0,4644.0
14436.513210425526,4675.979815146561
14587.738080474448,4859.958416625736
14609.0,4886.0
14717.0,5023.0
14753.463923934618,5070.454886282386
14834.0,5173.0
14895.0,5246.0
14949.25462786401,5310.488042396134
15097.0,5486.0
15195.837166461373,5601.6046005703865
15240.36493210934,5652.648851155214
15252.0,5666.0
15326.0,5751.0
15420.0,5862.0
15421.372336521954,5863.771484371187
15478.09985848303,5946.6784956444535
15513.920703991544,6010.163649905239
15516.0,6014.0
15529.472413733636,6040.239830213586
15543.0,6071.0
15555.211722118447,6099.6238796364505
15557.0,6104.0
15570.366440813841,6140.245403990479
15576.0,6166.0
15578.774158039325,6198.524249757707
15575.0,6273.0
15571.784601690777,6290.438779137695
15562.79687196079,6311.192495593988
15552.0,6327.0
15535.912546766836,6347.5158624755495
15527.0,6357.0
15497.0,6382.0
15492.790723350858,6384.943019933613
15464.69765974312,6400.921642678447
15458.0,6404.0
15424.562836501374,6416.699615387062
15404.0,6423.0
15381.612551889886,6428.798343993553
15365.0,6432.0
15338.0,6435.0
15298.809739265533,6436.9355212847295
15290.0,6437.0
15249.306140143459,6435.494094973641
15209.0,6432.0
15186.091689608054,6429.51510780565
15143.0,6424.0
15080.0,6414.0
15072.620541449389,6412.629157047062
15013.0,6400.0
14962.0,6387.0
14946.766927761364,6382.6713062072
14886.0,6364.0
14864.51657906534,6357.165230657944
14828.0,6345.0
14689.52652857026,6295.33890020306
14642.0,6278.0
14602.762852328127,6263.502109350498
14580.0,6255.0
14456.286371598064,6209.039529246724
14440.0,6203.0
14385.571035344534,6182.888757789571
14350.0,6170.0
14202.0,6117.0
14136.109573243353,6093.412252663833
14049.0,6062.0
14014.862592119744,6049.7014618500825
13957.0,6029.0
13871.53466829022,5999.162322641405
13816.0,5980.0
13706.105463502208,5942.078084855677
13660.0,5926.0
13583.36084733594,5898.944633777212
13512.0,5874.0
13412.145486423069,5840.397870860493
13372.0,5827.0
13248.567764114201,5785.688607044239
13190.0,5766.0
13122.14126823093,5742.989841569438
13057.0,5722.0
12990.551615273263,5702.224139586637
12935.0,5686.0
12698.359210067581,5616.974280954345
12643.0,5601.0
12567.731510640508,5579.5613346391565
12458.0,5549.0
12455.374999989906,5548.272558188354
12339.17234738377,5516.135638333871
12299.0,5505.0
12169.0,5469.0
12035.292126066925,5432.733738315056
11887.0,5393.0
11739.20835373704,5354.902662309764
11689.0,5342.0
11595.048114485558,5317.375881375556
11520.0,5298.0
11427.817509395029,5274.802114231719
11271.0,5236.0
11192.479768250612,5216.531184674647
11035.0,5178.0
11032.079555143982,5177.3037719678905
10811.0,5125.0
10762.0,5113.0
10675.484501958239,5092.394561108805
10520.0,5057.0
10372.0,5024.0
10346.568782272074,5018.35307889398
10042.0,4951.0
9966.291353687735,4935.036539823458
9942.0,4930.0
9708.0,4881.0
9681.934010653164,4875.66609280763
9475.0,4834.0
9435.615903037167,4826.134677490484
9272.0,4794.0
9251.730584161694,4790.124889505684
9135.0,4768.0
9113.971216471653,4763.9856600854755
8939.40577647881,4730.380286489943
8895.0,4722.0
8724.0,4691.0
8448.0,4642.0
8442.191476539318,4640.982593159893
8326.209584631542,4621.84999672065
8309.0,4619.0
8112.9506405359925,4585.356111064685
8099.0,4583.0
7921.895521072614,4553.759801199348
7820.0,4537.0
7725.424043815093,4521.361488278251
7697.0,4517.0
7481.449506261066,4488.656589284285
7468.0,4487.0
7308.0,4468.0
7303.1571274143635,4467.445586943619
6987.0,4432.0
6873.80770680353,4419.7046744597155
6809.0,4413.0
6556.214267216685,4386.526003147216
6541.0,4385.0
6344.0,4366.0
6200.0,4352.0
6194.9020695667405,4351.505373001441
5921.0,4325.0
5851.388514264057,4318.25175578711
5768.211100371337,4310.1215779100585
5704.0,4304.0
5578.0,4292.0
5520.546828242267,4286.335459830058
5380.0,4272.0
5285.767584757268,4262.3619892722945
5039.180126234162,4237.139231481374
4989.0,4232.0
4889.7756630606955,4221.855866252711
4834.0,4217.0
4749.455750283891,4210.425383368817
4708.0,4207.0
4568.056055661978,4193.543607049614
4432.0,4179.0
4380.967555092098,4173.678380798433
4347.0,4169.0
4316.921258719189,4163.739415092006
4253.115046889245,4149.849290944972
4213.0,4136.0
4194.0,4127.0
4141.693292936249,4096.611103060065
4074.0,4051.0
4048.6531651536243,4031.3858628852945
4023.0,3995.0
4017.858674633383,3983.7459555108226
3991.0,3903.0
3986.421685449513,3872.4301619458165
3988.759829621561,3814.5422832418412
3990.0,3804.0
3996.458527349913,3771.4528800974067
4000.0,3759.0
4018.0,3706.0
4032.9191740721158,3671.437234159581
4060.0,3618.0
4064.095382801082,3610.7564170209207
4130.0,3509.0
4132.958847038587,3504.5068952423308
4149.510243342947,3478.4860312517862
4181.27590580169,3441.7245310914127
4194.0,3428.0
4276.0,3342.0
4284.3250756658135,3333.401229575952
4322.66467888185,3295.2780207263672
4356.0,3264.0
4357.245540063796,3262.8186706701163
4416.0,3207.0
4431.331889256783,3192.5861361187813
4480.8819775117745,3146.7818357122037
4516.0,3114.0
4542.247304291632,3089.034312387846
4594.0,3039.0
4624.076397099344,3009.6668712510273
4655.0,2979.0
4740.920561094694,2891.3695879467477
4766.0,2865.0
4801.858187373791,2825.6590995386127
4840.0,2779.0
4851.962203337602,2763.533410340052
4910.157975480284,2682.1456304112053
4933.0,2644.0
4971.4967184969055,2570.68945008882
4991.0,2529.0
5017.855814807862,2451.003825018494
5023.567212856689,2391.061551258648
5024.0,2387.0
5027.0,2359.0
5026.0,2256.0
5025.589788756506,2253.5588013318725
5009.598775204322,2184.645950471968
5008.0,2179.0
4989.58584819226,2128.9231357837302
4962.221534662212,2087.319161445798
4960.0,2084.0
4947.0,2065.0
4935.718291741773,2050.46454906152
4914.0,2026.0
4874.0,1988.0
4873.135884839004,1987.343772860126
4804.836721655374,1952.4527605472065
4790.0,1948.0
4743.0,1939.0
4721.030517886254,1936.6184703195934
4688.0,1934.0
4636.555010014707,1931.715693061975
4623.0,1932.0
4517.354504533937,1938.2330478393906
4494.0,1940.0
4460.851154334513,1943.1950199139228
4415.0,1965.0
4369.291221349796,1986.5329458168642
4298.0,2022.0
4208.818284198096,2086.023391371907
4167.665457739352,2131.893038657782
4160.0,2140.0
4114.513052404725,2186.6455838383376
4095.0,2209.0
4059.073415320442,2254.457912591908
4032.0,2293.0
3962.0,2419.0
3960.9488421482097,2420.928532681711
3891.832238185798,2546.572820355876
3888.0,2554.0
3821.0,2686.0
3797.3328925827755,2722.88454919489
3667.0,2894.0
3609.742950646952,2956.2141261368743
3518.0,3039.0
3446.65607561236,3090.876915590442
3383.0,3129.0
3360.8487766903886,3140.739820812695
3292.0,3166.0
3284.4575616230013,3167.9670573874064
3220.0,3182.0
3218.1413981729893,3182.327739540253
3160.944570967281,3188.1072309040087
3133.0,3186.0
3059.0,3174.0
3005.2885615760815,3158.3496879304375
2992.0,3151.0
2949.5532193702606,3126.170938066589
2907.0,3096.0
2888.3100971615663,3078.3864875553704
2846.0,3017.0
2845.709358849525,3016.4524952969286
2836.0,2987.0
2831.325888162412,2957.8646516045246
2830.0,2934.0
2830.6255619573612,2916.8991712439015
2838.0,2864.0
2849.0,2821.0
2852.451974038593,2810.5688239781175
2868.2343744350324,2769.1049411416516
2870.0,2765.0
2890.0,2724.0
2944.0,2636.0
2944.6996358910374,2634.9564171615493
2988.0,2574.0
2992.6824131322173,2567.420100777112
3040.0,2501.0
3063.1864664685077,2470.1262941704467
3106.0,2415.0
3107.0370738543697,2413.666795703399
3195.0,2301.0
3204.1326380175374,2289.439142951046
3267.969818278381,2210.177012284865
3327.0,2138.0
3356.7071644483735,2101.243815057328
3403.1069366706065,2043.0643009745686
3448.0,1983.0
3494.649460275852,1914.845935760642
3499.0,1908.0
3541.974501733112,1835.7036619995672
3558.0,1807.0
3607.0,1711.0
3617.3152652213835,1687.025046387936
3649.0,1599.0
3657.407300526162,1571.7226471437066
3687.0,1461.0
3690.7940405729296,1445.3306032971873
3719.0,1299.0
3719.375698320402,1295.7998646204637
3727.0,1194.0
3728.630055940802,1165.109273552149
3730.0,1113.0
3714.1128003619842,917.7618635775244
3703.0,850.0
3678.737486345469,752.0841118369705
3624.0,615.0
3613.9843012833876,592.5876989853964
3562.5453304449825,490.57406437843895
3519.0,422.0
3489.9331790695974,380.79175873924913
3408.0,290.0
3247.0,161.0
3228.8745882483895,147.81448921317627
3098.414720159346,81.8023190144125
3052.0,62.0
2989.0,33.0
2896.1982128151376,-2.1949760827065528
2811.0,-30.0
2713.0,-57.0
2628.891810619341,-70.77576108339697
2498.0,-79.0
2378.0,-74.0
2330.2957532578794,-69.66050711622637
2244.0,-59.0
2151.0761507836883,-44.15878651034444
2082.0,-31.0
2038.657717259693,-21.715971473963783
1955.0,2.0
1835.363671720028,49.79412598592967
1637.0,143.0
1633.8185244988147,144.59069670725577
1536.9006814935128,196.96093474342842
1484.9139817896696,234.3658824052008
1445.0,267.0
1038.0,748.0
944.7846571226229,915.5740111591438
881.0,1034.0
807.8946979070334,1161.2418944452015
777.0,1211.0
761.4306621657898,1236.2090954717441
691.5063331194683,1345.3232369892673
684.0,1356.0
520.0,1559.0
500.00890485436986,1581.660684127992
416.0,1667.0
385.93536894421936,1693.1180130701962
327.0,1740.0
242.27402908648193,1796.9455118197334
153.0,1846.0
112.0,1865.0
45.93185473152823,1885.626788516712
-115.0,1911.0
-193.68884618000592,1912.9054434487382
-248.67146370464692,1905.4838900290788
-284.0,1901.0
-346.0706786050745,1892.7522781005116
-385.0,1883.0
-517.0,1841.0
-572.2149753889636,1821.7911690488945
-680.5428241792551,1765.0429706979576
-693.0,1759.0
-865.0,1678.0
-892.6064801590901,1665.01207412989
-947.4000693586372,1638.638534265605
-953.0,1636.0
-1101.0,1567.0
-1173.1922441730926,1533.2375174389329
-1217.0,1513.0
-1336.0,1460.0
-1362.5254559019122,1448.7430202118746
-1532.0,1380.0
-1534.5253687636266,1378.9707643096688
-1620.0,1344.0
-1634.2698263399966,1338.2144769781023
-1759.0,1288.0
-1761.5222675999655,1286.9714799650544
-2011.0,1184.0
-2066.3618496880817,1160.357175085277
-2095.0,1147.0
-2170.0,1113.0
-2190.9007503619882,1102.9591442010203
-2257.196070675858,1068.2693326471656
-2263.0,1065.0
-2341.0,1016.0
-2367.2865833637006,996.2881247711703
-2405.0,964.0
-2450.3265664172022,918.0139533043788
-2454.0,914.0
-2480.0,884.0
-2506.335441988233,846.4382698894689
-2528.0,806.0
-2533.12839592306,794.4254150947336
-2545.0,757.0
-2546.408009291034,749.2366438345879
-2550.1320519622523,648.1616168112195
-2550.0,644.0
-2537.0,591.0
-2523.8435043033082,562.7319193326847
-2485.8862239685695,486.5463678390419
-2484.0,483.0
-2461.0,450.0
-2445.4474368390697,430.02966277753603
-2397.0,369.0
-2360.737415065903,329.44346968099893
-2347.0,316.0
-2303.140848104927,276.575240859961
-2233.0,219.0
-2226.235689037242,213.6884174611224
-2167.6738536352455,170.29890063683806
-2148.0,156.0
-2082.5264434506594,108.9424338537867
-2054.0,90.0
-1956.1475573144369,27.81223295043006
-1923.0,7.0
-1872.3874725245885,-24.712532074151877
-1827.0,-53.0
-1769.095256563475,-89.17497319942471
-1679.1845074841706,-145.78128013845026
-1671.0,-151.0
-1595.0,-200.0
-1543.6915868631738,-233.11323837723447
-1517.0,-251.0
-1415.0,-327.0
-1386.1451713454471,-349.14131801772703
-1334.2842468185218,-388.9408909914161
