2061.251057530975,-625.7157641638659
2108.3318578227318,-570.4541871257933
2113.0,-565.0
2280.345202327187,-371.45264476241425
2323.0,-323.0
2398.8080992348846,-238.21161068778002
2491.0,-136.0
2529.6735683687198,-92.66603350505481
2598.0,-16.0
2674.870937226772,69.76248297856539
2862.0,278.0
2912.619323809334,334.60059935229043
2969.0,398.0
3028.2750163837586,464.0222836326669
3124.0,571.0
3217.0,676.0
3245.349169530196,707.5504866782281
3335.0,806.0
3370.105056081222,844.7355282548548
3430.0,911.0
3462.245403601749,946.5239421666489
3500.0,988.0
3589.1853338873943,1085.9392930416734
3626.0,1128.0
3686.0,1202.0
3689.1506305292332,1206.249033396015
3706.0,1230.0
3734.372823667986,1275.661451716714
3765.0,1342.0
3766.563951236507,1346.3946366746784
3785.0,1417.0
3792.91644916355,1495.1980683369932
3793.0,1498.0
3788.0,1569.0
3752.8802065833956,1679.402640368272
3748.0,1691.0
3705.546956566616,1762.065708266598
3689.0,1783.0
3665.338779276431,1811.406814473878
3640.073268275328,1837.0472966847547
3630.0,1846.0
3606.0,1866.0
3574.5241961624197,1890.2873762719848
3506.0,1929.0
3411.235163114107,1964.8346910851521
3408.0,1966.0
3364.198813167207,1981.554124221634
3305.0,1987.0
3197.5281026940943,1993.7817095083112
3193.0,1994.0
3123.0,1990.0
3119.928535779941,1989.526341120534
3000.0,1968.0
2986.140057351706,1964.2180947588129
2901.0,1935.0
2870.8282500618097,1923.45412342987
2838.0,1907.0
2706.006647367224,1829.8472890672385
2654.0,1798.0
2618.9096923605666,1775.1103537183192
2593.1614065984622,1754.0864015969912
2584.0,1747.0
2523.0,1700.0
2491.676651532173,1673.913473781933
2421.0,1609.0
2374.0596173953923,1562.6053149911652
2294.0,1481.0
2188.0,1378.0
2182.510430793848,1372.9713511491648
2105.0,1306.0
2038.0,1259.0
2005.0647803373868,1242.1389755161965
1875.4320946756688,1192.2264797613084
1804.0,1170.0
1741.6147053339137,1159.574484258069
1708.0,1159.0
1647.089947646053,1158.509065283341
1587.0,1163.0
1423.7208780115761,1199.30644103739
1284.0,1245.0
1210.5769041975461,1275.373372789449
1056.0,1369.0
1051.4179666933976,1372.1949418288532
943.0,1458.0
910.9241120699323,1488.4977793724204
835.5685335977447,1568.7493837161662
832.0,1573.0
758.0,1673.0
711.3173185486389,1749.0356255594272
671.0,1831.0
617.8895657630566,1980.557244494316
598.0,2059.0
572.6613972243764,2203.75949389833
553.6847254475806,2379.029709569423
551.0,2406.0
546.431873520083,2460.437831637817
545.0,2479.0
526.8167367482088,2707.012847124952
524.0,2746.0
516.0,2867.0
512.4644542975241,2920.804754437754
505.0,3035.0
504.4661865587004,3043.4427611540023
492.0,3251.0
489.6522950779736,3290.9729365441817
482.0,3425.0
474.3216690845132,3577.885156291824
474.0,3585.0
468.0,3730.0
461.16141362125586,3895.4906699655576
458.0,3975.0
452.2400637871894,4133.866706295321
452.0,4140.0
444.3850000800678,4314.08722401788
439.0,4441.0
433.5951988207913,4577.1359728469715
429.0,4695.0
425.6059939435493,4780.118918261278
423.0,4849.0
419.9293148235218,4937.3767988473155
414.8473479664328,5084.859479502841
414.0,5108.0
408.8766332206542,5238.896075545549
406.0,5316.0
396.3830893912666,5587.09568665402
396.0,5598.0
389.5541880521507,5783.278683669837
387.0,5863.0
386.3270474992636,5884.262705453374
380.0,6077.0
379.61044769487825,6087.7638562611855
374.0,6238.0
371.0,6328.0
367.12540667398923,6440.145223910108
357.0,6725.0
353.3630220866896,6830.630777098654
350.0,6925.0
343.37303214295184,7095.040069020156
340.0,7199.0
339.0,7236.0
336.06144317452254,7326.932203269491
332.0,7438.0
327.5478405534035,7561.894136927291
322.5376619609414,7705.633461237708
321.0,7751.0
316.0,7899.0
313.87984442119335,7956.091650125203
309.0,8084.0
308.56089694488645,8096.343048798508
297.37510921754364,8427.078202566478
297.0,8438.0
286.67291919975247,8719.392595640526
286.0,8738.0
281.47020195460493,8870.953114059768
275.2967491075162,9054.525636669934
274.0,9092.0
265.1475351693228,9345.563860300017
264.0,9379.0
261.015204412772,9473.885858344544
259.0,9536.0
249.0,9803.0
248.71046059091373,9810.680064212596
245.0,9915.0
244.8748196520777,9919.028433265903
242.59509060942082,9994.97350045019
242.0,10070.0
245.32069842410442,10142.23995628644
247.0,10161.0
252.31881342657272,10205.5265590818
255.0,10224.0
264.0,10275.0
267.9846936191164,10293.26283309294
279.0,10337.0
289.24574497846186,10373.9992798031
298.0,10402.0
305.808662070434,10424.078124044037
321.0,10462.0
325.02270524672747,10471.366828232383
342.0,10508.0
358.02008400829055,10537.880195538055
372.0,10560.0
392.2179469811264,10586.582676688196
412.0,10610.0
480.7683626702281,10667.91447018164
502.0,10676.0
589.0,10701.0
601.5102834283438,10704.052038869257
630.5681218853216,10707.99240982708
646.0,10708.0
724.023405423269,10709.763587669107
760.0,10710.0
876.1639046206377,10709.314098181352
916.0,10709.0
968.0259468596565,10708.768543762255
1034.0,10709.0
1122.0,10709.0
1127.435828344851,10709.019821094229
1235.0,10710.0
1255.638314340524,10710.232801553471
1412.0,10712.0
1471.9404928130912,10712.540680936792
1549.0,10713.0
1571.5558601848757,10713.131230830433
1679.677850042032,10713.727783616916
1739.0,10714.0
1951.0,10715.0
1983.7763235084424,10715.290120135123
2040.0,10716.0
2099.785991504023,10714.898750566028
2263.0,10725.0
2428.9393960992816,10754.86264389502
2474.0,10764.0
2575.0613787586167,10789.142658324397
2634.0,10814.0
2654.448772876881,10822.857781530396
2860.6658272716522,10914.857312188502
2880.0,10924.0
2959.910573874445,10965.733673469624
3031.0,11013.0
3208.534297838238,11138.578791777607
3269.0,11184.0
3337.4388182575995,11245.346380208566
3366.0,11276.0
3435.903213677613,11351.738360995962
3485.0,11411.0
3554.255149536164,11504.380099068094
3675.134615927138,11688.520464788886
3679.0,11695.0
3737.0064772351284,11803.258424432815
3771.8113176952547,11888.5127643921
3786.0,11925.0
3803.1999352596,11971.113841263166
3818.0,12017.0
3822.6659679492072,12032.386590301154
3843.0,12105.0
3875.0,12294.0
3875.5239283977585,12299.123261227558
3877.7504316497807,12374.072926209508
3874.0,12411.0
3868.428234818841,12448.087583635135
3858.0,12499.0
3847.0,12537.0
3841.160410058168,12553.09545993609
3820.504585362632,12599.769684318378
3817.0,12607.0
3802.7522941550965,12634.19704859371
3775.0,12673.0
3768.418134685558,12680.34434037166
3640.143151909711,12767.284812721007
3630.0,12771.0
3579.6188584870347,12786.894771689174
3556.0,12794.0
3499.0,12814.0
3483.327780987588,12820.886714306193
3432.0,12850.0
3424.2138378785685,12856.013746695548
3375.2604568133293,12903.126469762914
3362.0,12918.0
3333.9540458525485,12959.155909062689
3325.0,12980.0
3310.1597531800426,13022.536841945153
3305.0,13040.0
3296.2976624464113,13081.671951742528
3296.0,13106.0
3301.450329733351,13168.670427496854
3303.0,13181.0
3315.6004412944876,13242.077681149625
3332.5512037445515,13279.474947645997
3338.0,13292.0
3349.0,13317.0
3383.156642948133,13383.104980304459
3435.0,13475.0
3437.9559314181824,13480.135762591768
3473.187799542588,13540.04116248421
3505.0,13595.0
3510.793877427706,13605.517853356827
3538.4884358010213,13658.344736239304
3568.5205827588256,13722.75677278652
3579.0,13749.0
3586.2991358530967,13769.474614785204
3603.0,13832.0
3607.868230031802,13859.010332278087
3613.714057982459,13908.253665199332
3615.0,13935.0
3614.538288918244,13968.33210935638
3612.0,14000.0
3608.0,14029.0
3604.394097731202,14049.17085820017
3599.0,14073.0
3593.5657354639575,14091.918220600151
3568.079760776746,14152.03505454
3567.0,14154.0
3543.6135176617113,14190.811006590417
3528.0,14210.0
3493.0,14241.0
3490.703189749991,14242.641727329832
3462.0,14260.0
3433.4254055464044,14272.093621668115
3404.0,14281.0
3348.4621445742946,14289.761305118149
3346.0,14290.0
3290.0,14293.0
3188.5575334137798,14290.735341882262
3168.0,14290.0
3104.8125854900836,14287.02765657443
3019.0,14285.0
2933.956206126844,14283.736292145717
2885.0,14283.0
2805.5664674364216,14281.273015135514
2752.0,14280.0
2715.698112585097,14279.209072153631
2558.0,14276.0
2528.491681105009,14275.45554132238
2447.385239124529,14274.22637928422
2437.0,14274.0
2299.322942703245,14270.542145301639
2277.0,14270.0
2150.794000139423,14267.037535555954
2060.0,14265.0
1995.6519036496618,14263.78176337567
1960.0,14263.0
1828.6967513362936,14259.494198065195
1754.0,14258.0
1635.0,14257.0
1587.9585160284864,14256.979411204504
1554.0,14257.0
1347.8750301286836,14256.937139389498
1279.0,14257.0
1176.41475349053,14257.479730620647
1109.0,14258.0
942.1797293736108,14258.989356126229
936.0,14259.0
815.9960842168035,14258.941411707627
793.0,14259.0
642.0,14260.0
616.9113725251278,14260.104416874812
447.0,14261.0
368.54528557946446,14262.856589362867
218.59151158714786,14270.004385672506
173.0,14274.0
-10.162437159090684,14299.166702577357
-164.0,14326.0
-172.08238602767645,14327.38990071832
-370.90056521796873,14369.024807993637
-394.0,14376.0
-521.1378401487615,14417.482642614315
-650.0,14463.0
-738.1275791949473,14497.039579178598
-831.7010849962996,14539.04229455344
-915.0,14582.0
-992.16523583041,14625.331822920874
-1115.7373999575618,14703.932237724766
-1134.0,14717.0
-1292.5498483133708,14846.026142263256
-1298.0,14851.0
-1424.0,14980.0
-1435.0,14993.0
-1513.3463499469083,15093.472985037068
-1635.9997722316239,15261.932014214512
-1641.0,15269.0
-1697.1532704419258,15355.259496095785
-1724.0,15410.0
-1764.554913179595,15491.715885741818
-1862.0,15692.0
-1886.726643642586,15745.816851782702
-1890.0,15753.0
-2024.2888838048227,16049.698335349676
-2035.0,16073.0
-2129.0,16274.0
-2132.4150288063365,16281.609258732295
-2221.967503421704,16465.111801166342
-2227.0,16474.0
-2349.0,16680.0
-2439.023286570221,16821.490873151353
-2494.484603517347,16875.490584196432
-2516.0,16898.0
-2580.821689029286,16967.552039760325
-2611.0,16999.0
-2804.0,17174.0
-2812.2260774386573,17180.504332195156
-2845.0,17206.0
-2912.460706455054,17259.230035924247
-3019.8075794854176,17334.241411261326
-3072.0,17364.0
-3317.0,17490.0
-3392.3018706286352,17526.301583037588
-3437.032664957048,17541.71162882165
-3476.0,17553.0
-3522.731159236637,17567.130435061557
-3738.0,17631.0
-3762.4036712874886,17637.289076053603
-3924.0,17672.0
-4136.0,17714.0
-4147.808781062407,17716.31428655569
-4301.785264066694,17745.647774320987
-4314.0,17748.0
-4338.34940708009,17752.87657488584
-4389.0,17761.0
-4410.784902428876,17763.544518143848
-4524.0,17774.0
-4527.921806578251,17774.24463716031
-4567.837533688242,17773.59198767254
-4589.0,17767.0
-4627.138407358081,17752.444265180602
-4668.0,17732.0
-4722.715767594658,17685.011186499105
-4729.0,17678.0
-4758.424029505043,17641.63595982859
-4773.0,17620.0
-4796.891340104789,17574.97867378875
-4821.0,17515.0
-4824.973647912112,17503.580096923215
-4836.0,17454.0
-4843.064617069528,17420.17663609471
-4853.0,17374.0
-4861.63267992668,17334.8593408247
-4875.0,17283.0
-4889.0,17241.0
-4895.943698401792,17221.739578868986
-4920.29710740216,17158.354227104042
-4937.0,17118.0
-4966.0,17054.0
-4969.592900488912,17046.402650700726
-5040.993153075484,16898.137811661316
-5043.0,16894.0
-5076.314966134547,16826.093205066296
-5094.0,16789.0
-5100.455733069636,16775.28365191061
-5141.0,16688.0
-5147.620913330607,16673.37598712945
-5181.0,16599.0
-5231.489125600097,16492.04161785975
-5290.0,16371.0
-5307.784045165756,16335.020994106115
-5352.523487307493,16249.873997610348
-5360.0,16236.0
-5482.243496725756,16011.93030363615
-5485.0,16007.0
-5531.519688625224,15925.481827951813
-5573.946579606818,15853.317151258776
-5601.0,15806.0
-5649.0,15721.0
-5678.108695256323,15671.303353441584
-5713.0,15611.0
-5846.0,15371.0
-5870.908536018052,15325.515254237458
-5929.951248761629,15215.896687972272
-5985.0,15111.0
-5988.520617056967,15104.3223613695
-6145.123747560478,14808.649993913794
-6154.0,14792.0
-6231.202495670251,14649.130051041531
-6234.0,14644.0
-6309.0,14506.0
-6349.904780282724,14428.954469595372
-6375.0,14381.0
-6455.0,14225.0
-6465.523744820689,14203.98421775664
-6559.0,14008.0
-6602.2125111092355,13912.04868373922
-6665.0,13770.0
-6693.18279773815,13705.20299913703
-6784.0,13483.0
-6787.475704529138,13473.975775684525
-6894.0,13187.0
-6901.442973714941,13166.289200128973
-6957.0,12996.0
-6978.633420920402,12923.026791683274
-7000.0,12850.0
-7025.447873935082,12761.885257930971
-7042.0,12704.0
-7124.181562896417,12414.24377564405
-7159.0,12292.0
-7189.009188673431,12188.844499689128
-7207.0,12126.0
-7245.4460312000265,11986.711321686085
-7279.0,11859.0
-7300.73289680712,11773.659129741889
-7326.0,11673.0
-7364.274092911065,11515.815687175342
-7371.0,11487.0
-7407.788953439141,11324.708553403842
-7445.0,11144.0
-7476.723960384149,10980.983828083861
-7495.0,10884.0
-7534.883167846215,10653.461780807831
-7557.2398034553935,10504.237869939909
-7558.0,10499.0
-7573.151237479736,10390.159579495448
-7589.0,10270.0
-7590.153573166996,10261.265544110238
-7605.0,10146.0
-7630.547305557073,9907.227808686097
-7635.0,9862.0
-7648.042384778048,9720.932827661234
-7657.0,9612.0
-7669.0,9451.0
-7672.905294115068,9386.726238179464
-7678.0,9289.0
-7684.962028287722,9136.015838236239
-7686.0,9110.0
-7693.619391540154,8847.264373956763
-7694.0,8821.0
-7695.0,8676.0
-7695.891919222719,8484.97176752395
-7696.0,8423.0
-7696.0,8369.0
-7696.006920337664,8340.141836696255
-7696.163509672487,8139.688840834061
-7696.0,8073.0
-7695.0,7928.0
-7694.134293981442,7845.85189546325
-7692.0,7655.0
-7691.536773117642,7588.901043414143
-7691.0,7509.0
-7690.409765564795,7445.23032965526
-7690.0,7399.0
-7688.306026776664,7118.328552161227
-7688.0,7069.0
-7686.3789168542435,6877.904496869793
-7686.0,6829.0
-7685.0,6682.0
-7684.097322339719,6568.466021434961
-7682.0,6311.0
-7681.258679201532,6197.772215738769
-7680.15030027519,5929.603506122004
-7680.0,5883.0
-7679.801497979499,5814.2823246360285
-7680.0,5715.0
-7680.454436551054,5637.111832185994
-7681.0,5547.0
-7683.0,5152.0
-7683.440753412456,5074.113980626167
-7684.639222182501,4895.226915590674
-7685.831802605435,4725.476735025138
-7686.0,4700.0
-7687.698751839042,4419.330387307583
-7688.0,4361.0
-7688.53444835557,4234.953349976213
-7689.0,4134.0
-7689.829095332329,3989.6546130246306
-7690.0,3962.0
-7692.0,3677.0
-7692.080557560983,3666.6904689963712
-7693.0,3544.0
-7693.310390528689,3480.925198384742
-7694.0,3297.0
-7694.083846748727,3282.9322848578718
-7696.761260550321,2926.7860400765403
-7697.0,2896.0
-7697.642441129896,2805.292132393348
-7698.0,2743.0
-7698.36695778679,2682.6135898048105
-7699.0,2571.0
-7699.230773304583,2520.7040879292827
-7700.0,2379.0
-7702.121910481142,2215.5390808406028
-7703.0,2149.0
-7705.0,1957.0
-7705.464957570122,1910.5195087242826
-7708.0,1688.0
-7708.179874146302,1674.5249899016449
-7712.0,1399.0
-7713.403477210501,1237.7551197447046
-7714.0,1188.0
-7716.595994986594,1022.9213148372576
-7717.0,996.0
-7720.9368599393,638.0652079037724
-7721.0,631.0
-7722.743431039857,441.1824432973962
-7723.0,422.0
-7725.0,316.0
-7726.921985132667,152.94728790549806
-7728.0,54.0
-7729.96961319995,-125.61711771919349
-7731.0,-219.0
-7732.1774605034325,-326.83281563019744
-7734.0,-499.0
-7734.119854247885,-511.3314058867292
-7734.0,-586.0
-7732.590900572682,-642.2367876104174
-7731.0,-681.0
-7725.300757816336,-752.8255765663674
-7722.0,-779.0
-7716.204139812207,-817.3802609685267
-7705.0,-878.0
-7698.033333946043,-907.7126817944853
-7674.449475055145,-972.0470322843537
-7669.0,-984.0
-7654.0,-1015.0
-7644.809043220543,-1032.8275000455121
-7631.0,-1058.0
-7624.942742506346,-1068.3607542488596
-7612.0,-1089.0
-7599.707213499138,-1107.3050326779774
-7570.0,-1146.0
-7554.012498268935,-1162.7199136561078
-7538.0,-1178.0
-7510.152992501154,-1202.2057813692213
-7498.0,-1210.0
-7411.776928322656,-1247.2029536896994
-7367.0,-1262.0
-7326.8566259657155,-1270.3674397220443
-7287.0,-1274.0
-7283.740505969792,-1274.4105432786732
-7225.0,-1283.0
-7173.060300445637,-1294.1385927358008
-7162.0,-1298.0
-7067.550504203346,-1346.557822958399
-7034.0,-1367.0
-7013.527418094847,-1380.4232259203013
-6944.0,-1437.0
-6938.43780751445,-1441.6069056580657
-6817.642486182588,-1539.4786188543126
-6801.0,-1552.0
-6730.421079668422,-1600.3554485777272
-6662.240885193588,-1637.0236637584085
-6616.0,-1660.0
-6603.161076623514,-1666.29246973197
-6535.0,-1686.0
-6527.268809694932,-1687.1864871695204
-6354.164709031694,-1706.6175997362739
-6280.0,-1712.0
-6153.492510200178,-1713.8029262845187
-6110.0,-1714.0
-6044.220896235858,-1715.2921012392778
-5919.937850651727,-1719.840743206525
-5823.0,-1722.0
-5744.858584353222,-1720.1540354733347
-5693.0,-1718.0
-5610.542449375992,-1715.3626076384248
-5491.0,-1712.0
-5381.0,-1709.0
-5330.821599059096,-1708.0951536357418
-5269.0,-1707.0
-5128.0,-1703.0
-5046.7911800726615,-1701.2502251214096
-4984.0,-1700.0
-4822.0,-1696.0
-4727.016695841645,-1693.2921875096858
-4490.726429847965,-1686.2686209703497
-4447.0,-1685.0
-4336.224826965107,-1682.1056494161278
-4248.0,-1680.0
-4240.251060678307,-1679.8022735374877
-4170.0,-1678.0
-4080.5310149552006,-1675.8189490355824
-3935.0,-1672.0
-3793.0,-1667.0
-3756.8998690347003,-1665.7716551438593
-3520.0,-1658.0
-3366.7863427005395,-1653.1030901726474
-3241.571871894099,-1649.6125908254435
-3161.0,-1648.0
-3083.1492141012754,-1646.7195771004895
-2867.730577850055,-1644.1332658233357
-2848.0,-1644.0
-2779.86833289003,-1643.9363544584794
-2687.136735161693,-1644.9475730200688
-2681.0,-1645.0
-2530.0,-1646.0
-2451.084297489296,-1646.2065763544358
-2327.0,-1647.0
-2224.8106893353074,-1649.65494621756
-2090.0,-1653.0
-1978.2730828923836,-1654.1691101908357
-1772.5023613368746,-1654.9327683622146
-1746.0,-1655.0
-1655.1261070446149,-1655.122067796309
-1587.6571326225778,-1655.011617412034
-1573.0,-1655.0
-1453.871469511986,-1654.9590386218708
-1314.0,-1654.0
-1206.0828695826185,-1652.8016501527252
-1052.0,-1651.0
-974.5321487399272,-1650.4410784892948
-894.0,-1650.0
-770.406531689061,-1646.6778829957432
-701.0,-1645.0
-436.1610318357506,-1640.3485685797596
-311.0,-1638.0
-252.53233479463373,-1636.2185448713624
-187.0,-1633.0
22.0,-1623.0
54.2589783719034,-1621.3817571658299
236.0,-1612.0
296.1081590861723,-1609.2186453954396
449.0,-1598.0
483.7899371417686,-1593.6667324030016
729.3951118008955,-1553.4085375948584
798.0,-1541.0
1072.4889432370046,-1449.3801221536935
1083.0,-1444.0
1289.979001060305,-1333.947655553675
1321.0,-1317.0
1396.4729579623493,-1272.1596791606653
1428.0,-1248.0
1541.191785910694,-1166.3433922393724
1640.0,-1088.0
1780.0,-950.0
1810.9023058309958,-916.8379203031623
1911.529622917233,-804.2640683804825
1948.0,-762.0
2042.7919783926775,-650.0350643460422
2107.1639099868753,-572.7891269600077
