-1206.6422314581755,-1322.6551447698598
-1250.3032341039707,-1281.5444333725336
-1272.0,-1261.0
-1335.0,-1201.0
-1380.9318651834062,-1157.2879649323474
-1615.0,-935.0
-1629.4778178885606,-921.2286145473303
-1743.0,-813.0
-1804.9693935963421,-754.0179623901835
-1910.0,-654.0
-1912.6394207992053,-651.4818179809636
-2040.9593047318417,-528.8431451947074
-2103.0,-470.0
-2145.129711346221,-430.30603145671125
-2155.0,-421.0
-2326.8018702124773,-257.763996834288
-2376.0,-211.0
-2493.0,-100.0
-2509.6270323362,-84.17603201737269
-2679.0,77.0
-2731.0,126.0
-2781.0312328089617,173.33882246574106
-2918.0,304.0
-2932.1900999677596,317.4696761380223
-3024.31498381901,404.3582946005739
-3101.0,476.0
-3165.671998476068,536.1222070850902
-3257.0,622.0
-3288.109506330629,652.1049552222241
-3456.0,827.0
-3472.7596435469054,845.8543043241225
-3529.418263017841,914.7978360757014
-3576.0,986.0
-3608.1169996898607,1042.8413907685901
-3626.0,1079.0
-3649.059367275381,1136.689526360879
-3657.0,1163.0
-3670.3272203037386,1232.8840544684404
-3672.0,1251.0
-3671.206740726903,1337.0255864222124
-3667.0,1378.0
-3652.0,1465.0
-3647.0357850481078,1488.6941600015184
-3622.0,1594.0
-3610.515336663247,1639.5733001525127
-3600.0,1681.0
-3575.0,1781.0
-3558.749783233956,1848.9926750939783
-3550.0,1975.0
-3550.0983896410917,1979.8140046396752
-3559.0,2148.0
-3561.756986879851,2184.60965290534
-3575.857217975936,2276.3554785082083
-3588.0,2323.0
-3594.1883947361157,2347.237543685886
-3615.0,2421.0
-3648.1500090576346,2505.9897130297527
-3702.0415864397137,2614.908040877182
-3720.0,2647.0
-3753.02465609363,2699.9906015262654
-3805.0,2771.0
-3839.385983781675,2814.889363367283
-3928.0,2920.0
-3948.3545413404972,2942.1114030209606
-4021.0,3015.0
-4043.5959996425763,3036.2407365810886
-4104.0,3091.0
-4228.311274006112,3198.193382799013
-4256.0,3222.0
-4410.0,3355.0
-4413.156634209514,3357.731875084046
-4543.0,3473.0
-4563.075452085485,3491.6729533497855
-4686.0,3607.0
-4700.0675134487665,3620.3460495866602
-4774.0,3691.0
-4786.956170314274,3703.430468960413
-4874.312295750239,3787.7835280666964
-4907.0,3820.0
-5028.0,3942.0
-5040.487014423917,3954.7382577192707
-5105.0,4021.0
-5138.577280783017,4055.624050274766
-5238.0,4159.0
-5271.754755985975,4194.779556894364
-5358.0,4288.0
-5418.471753460219,4354.187716125297
-5576.0,4529.0
-5578.903544188836,4532.27868956354
-5704.964429276018,4677.969022815192
-5769.0,4754.0
-5834.539658784028,4832.762391006921
-5932.372103084111,4952.335264260666
-5974.0,5004.0
-6027.91937406845,5071.958088998294
-6125.392376060996,5199.10806850295
-6160.0,5245.0
-6202.726922623692,5301.923283092218
-6211.0,5313.0
-6383.0,5548.0
-6385.492461867973,5551.46004575606
-6463.0,5660.0
-6552.0,5788.0
-6584.041561850154,5834.684916503522
-6640.0,5917.0
-6680.453789801043,5977.296883453683
-6773.0,6117.0
-6795.162513821779,6150.518202398106
-6851.0,6235.0
-6915.053685810505,6331.979987934185
-6942.0,6373.0
-7000.472113403556,6462.929825368214
-7012.0,6481.0
-7055.0,6550.0
-7062.23464159385,6561.838699321013
-7115.0,6650.0
-7122.140222029472,6662.3337868267345
-7140.0,6698.0
-7167.0,6759.0
-7173.81374541021,6776.700166910925
-7193.0,6837.0
-7200.2181237888635,6866.752757408078
-7209.0,6926.0
-7211.0,6988.0
-7210.167402839664,7014.91396705931
-7203.0,7065.0
-7188.026239844632,7114.198014070959
-7165.0,7172.0
-7143.18813563646,7207.902437906499
-7123.0,7226.0
-7089.073790277866,7252.894385840482
-7042.0,7282.0
-6984.989466005148,7302.663678373112
-6926.845481383966,7315.324663729206
-6908.0,7319.0
-6840.7522718579885,7329.941599069601
-6795.677441388379,7335.840117987149
-6779.0,7338.0
-6674.0,7351.0
-6634.582359392379,7355.2951354848055
-6569.0,7362.0
-6458.0,7373.0
-6456.818197961865,7373.1183845217265
-6421.0,7377.0
-6375.617421873125,7383.866660795452
-6339.0,7391.0
-6259.312569649113,7411.672159874811
-6215.0,7426.0
-6188.715577337472,7435.680206359285
-6114.274609553913,7470.420366211144
-6101.0,7478.0
-6035.0,7522.0
-6001.0,7550.0
-5999.703712800639,7551.16024942768
-5928.512182010736,7628.255702315618
-5919.0,7641.0
-5881.0,7701.0
-5879.932143533204,7702.997574945105
-5851.0,7768.0
-5833.723069387405,7823.284899822579
-5819.0,7895.0
-5812.0,7953.0
-5811.800902745121,7955.472114674354
-5810.6262790086685,8079.047608741951
-5811.0,8087.0
-5819.062160463615,8185.873828544655
-5821.0,8204.0
-5831.350734530139,8286.557341917169
-5840.0,8347.0
-5852.894493379085,8433.655814314001
-5873.0,8565.0
-5880.609122227017,8613.033089443072
-5891.86409277465,8678.600113614948
-5899.0,8721.0
-5917.0,8833.0
-5917.385715593767,8835.562952644435
-5931.0,8933.0
-5942.60010090438,9028.845198334242
-5947.0,9141.0
-5934.0,9408.0
-5933.788079562572,9410.718620738533
-5923.787496027153,9489.359374165777
-5914.0,9529.0
-5877.0,9659.0
-5861.405119570977,9701.46950024397
-5797.0,9835.0
-5760.031686762275,9894.461924309811
-5727.0,9939.0
-5627.941938321561,10048.782575782852
-5571.0,10106.0
-5517.780701288455,10156.372244297947
-5454.325768524273,10209.138490870151
-5359.0,10282.0
-5313.294716807952,10316.612916280792
-5197.0,10404.0
-5103.902446911932,10471.43453554152
-5041.0,10514.0
-4978.1014023082025,10555.781413902088
-4834.167359786268,10649.203612971882
-4804.0,10668.0
-4606.732165694104,10779.930925517316
-4553.0,10808.0
-4447.138517531116,10860.849889488949
-4374.0,10895.0
-4305.283681947894,10926.160916871026
-4191.0,10977.0
-4044.7786783124957,11040.841113082171
-4005.0,11058.0
-3919.0,11095.0
-3867.3388911957964,11117.575087374988
-3696.0,11193.0
-3555.0,11254.0
-3520.284766020502,11269.494002467934
-3436.0,11308.0
-3374.3554504535837,11336.022994812136
-3258.6758862873894,11388.568231774594
-3219.0,11407.0
-3104.0,11462.0
-3087.3667009236096,11470.217283490389
-2991.0,11520.0
-2970.526254079882,11531.191373033902
-2782.2365667522818,11639.880026480274
-2724.0,11675.0
-2658.833196359181,11716.371340026877
-2580.0,11766.0
-2567.9052560412856,11772.543129887783
-2454.0,11828.0
-2315.1038383083137,11855.290044220093
-2300.0,11854.0
-2116.0,11823.0
-2035.5412607147716,11802.329424526253
-1963.6130663996566,11745.30610120279
-1942.0,11727.0
-1854.0,11660.0
-1807.3192449725937,11626.750888172794
-1623.0,11507.0
-1597.4002872359972,11493.785773445947
-1537.0,11469.0
-1510.7094568355592,11459.36218577513
-1406.0,11425.0
-1347.8461725877435,11409.233260878622
-1311.0,11400.0
-1218.3925420331211,11378.26320611453
-1132.0,11360.0
-1091.580888237605,11351.87083795957
-824.0,11301.0
-760.317956548223,11289.697103452318
-668.0,11269.0
-649.4173864648741,11264.138725161245
-400.4801281714625,11193.867481841438
-385.0,11189.0
-162.11737499872913,11103.667943328786
-109.0,11079.0
-56.88770382966657,11053.096554420943
29.766682950080167,11004.186571660142
99.0,10960.0
148.0,10926.0
166.50810189493222,10911.472206795132
377.0,10720.0
422.8701938451822,10675.224391512987
491.0,10590.0
508.9509094481607,10565.792853468069
630.2194780950201,10399.765287205491
637.0,10390.0
703.0,10285.0
705.1375573656712,10281.17115219743
811.0,10077.0
820.6493365407538,10057.591844104467
911.8967280421361,9832.085365585808
922.0,9800.0
986.0,9589.0
996.6983946377062,9552.67808930946
1033.487680539288,9405.153850751596
1040.0,9374.0
1099.9431418171291,9078.447930518045
1110.0,9030.0
1120.911124264682,8980.917921169159
1130.0,8920.0
1147.2215081790416,8756.09350621823
1166.8275883814151,8551.758330888324
1168.0,8538.0
1171.3187935362728,8464.367915885736
1169.0,8425.0
1165.980492518644,8343.625569514505
1160.0,8214.0
1130.0,7809.0
1129.7182344833063,7805.526042907311
1121.434567721304,7707.36931841329
1113.0,7631.0
1097.4149225709468,7514.150489940355
1087.0,7456.0
1052.0,7315.0
1046.083711533956,7295.4172994294195
993.0,7143.0
946.0,7018.0
944.8489712704792,7014.881831023597
880.0,6831.0
868.2145715321678,6796.3973091576545
827.0,6673.0
770.0,6498.0
763.52575790809,6478.475092266678
727.0,6369.0
720.8698714240828,6350.25313871562
676.7898795774764,6212.739949609001
632.0,6097.0
608.8201737269853,6041.23338250689
510.0,5814.0
492.37690829281894,5775.035716431728
473.0,5735.0
456.72193799541054,5697.516509375828
381.04010167677495,5514.219267011718
364.0,5468.0
326.0,5335.0
316.4711052726332,5289.6148175117205
276.0,5060.0
275.23385306112874,5055.162457679236
259.65091395635926,4940.262974250345
259.0,4780.0
261.40398443194374,4697.119635343063
270.0,4478.0
272.32822335975555,4431.2490340910845
293.0,4231.0
295.09157706074575,4212.25033050053
309.0,4090.0
330.0,3951.0
333.6166913125734,3930.35292454168
389.0,3674.0
403.94254696593043,3618.7527304635864
433.0,3521.0
455.8668826423013,3449.944657908976
490.0,3352.0
516.6050144740376,3281.7794372311987
571.199407687351,3149.540751107451
584.0,3120.0
628.0,3022.0
644.698615318531,2986.159976019006
698.0,2876.0
814.0,2655.0
824.5033149926192,2636.2828820872705
886.0,2531.0
935.5416216026601,2452.0499755035303
1034.0,2309.0
1037.1745928033204,2304.674447734795
1133.0,2181.0
1147.137390743857,2163.675482715291
1751.0,1556.0
1826.9491172574294,1488.7771844120412
1927.0,1402.0
1971.74517335887,1363.829632915649
2081.519078691545,1272.0594920244605
2106.0,1252.0
2237.342769515081,1147.3232893262873
2261.0,1129.0
2404.0,1022.0
2407.5453420471013,1019.4847433972801
2460.0,983.0
2570.3600885191067,907.024774234356
2677.0,854.0
2904.0,795.0
2944.5793259263764,789.0070729804537
3003.7400775368947,791.4826945665931
3041.0,796.0
3128.804002576387,806.164631145407
3210.0,816.0
3428.8862380390083,845.5118841479698
3526.0,858.0
3603.059823886543,866.2779775176909
3715.1390529043438,870.8488964633365
3737.0,871.0
3864.0,869.0
3880.6459261649325,868.0076824918278
3974.0,856.0
4130.584110906073,807.1114238741364
4219.0,769.0
4324.392988923763,702.4330082425143
4375.0,662.0
4454.0,597.0
4507.185588465812,551.7173833514399
4683.0,399.0
4695.549122897582,388.12022816547193
4754.461521094134,337.42338062372716
4793.0,305.0
4825.7243754701085,277.7369152188383
4904.0,213.0
4940.318692781478,183.1194708480731
5005.0,130.0
5095.301594902545,55.495515002860664
5164.0,-2.0
5278.0,-99.0
5332.113603941073,-145.48412533266333
5370.0,-178.0
5417.383042533516,-218.44949619770026
5498.0,-287.0
5536.503346501801,-319.7186419858717
5628.0,-398.0
5678.679136779023,-442.2512286715899
5710.0,-470.0
5763.477340529906,-518.3851007448927
5858.0,-608.0
5959.0,-709.0
5972.106823262033,-722.9328056336975
6055.0,-817.0
6057.1829786162125,-819.6058138671659
6176.0,-969.0
6187.065011910457,-983.5472427231953
6296.486500781236,-1141.6718991604523
6306.0,-1157.0
6406.546326895589,-1325.5006877237274
6440.0,-1383.0
6506.605498738101,-1504.6227573306403
6545.0,-1591.0
6559.300801590322,-1622.513008947949
6586.0,-1682.0
6650.0,-1837.0
6675.819931521363,-1903.9152873397331
6733.0,-2059.0
6745.7362405245585,-2094.2692414454605
6790.0,-2219.0
7050.882360311033,-2997.9627409843397
7063.0,-3035.0
7088.149763476982,-3112.3635565132063
7127.0,-3234.0
7158.314274665221,-3332.7034051407545
7207.0,-3484.0
7245.542923856882,-3600.0771834523202
7251.0,-3617.0
7335.0,-3885.0
7363.354315795811,-3976.1934587941964
7379.602240431658,-4030.7060230462544
7398.0,-4117.0
7413.3761875037535,-4194.108777451038
7439.0,-4325.0
7442.291703756682,-4341.810815546023
7463.0,-4450.0
7465.030702802944,-4461.241834026902
7491.916792512599,-4614.196352705302
7500.0,-4665.0
7506.6573269641585,-4723.809590120531
7503.0,-4766.0
7498.456411256396,-4793.7647703165985
7476.0,-4894.0
7473.593239827882,-4901.973762049989
7449.628582628763,-4943.144295696336
7444.0,-4949.0
7385.508868942773,-5000.152949468723
7375.0,-5007.0
7310.285834059537,-5037.54721926008
7299.0,-5042.0
7261.554750213737,-5055.8524301294365
7225.0,-5068.0
7125.372768206713,-5098.6490945665755
7091.0,-5109.0
7057.207486802255,-5119.074072866937
7022.0,-5129.0
6983.088737995614,-5139.7963620601495
6957.0,-5147.0
6870.184194953485,-5170.859081462494
6752.0,-5203.0
6707.577752734901,-5214.691592176602
6645.0,-5230.0
6593.623537717437,-5242.481656865191
6554.0,-5252.0
6396.10909678958,-5288.893601063436
6383.0,-5292.0
6244.716246658206,-5325.063899087951
6216.0,-5332.0
6136.830423118212,-5351.632463234984
6078.0,-5368.0
6019.7512719545075,-5383.8199938471225
5959.0,-5400.0
5918.29513599086,-5410.559534044062
5820.939692153799,-5434.840511692784
5812.0,-5437.0
5725.172424325627,-5457.7623807952
5701.0,-5464.0
5535.46121402355,-5511.456134400146
5433.0,-5539.0
5394.155424187292,-5547.628339480715
5277.0,-5561.0
5201.475927458556,-5562.918737882374
5098.0,-5556.0
4993.868911091282,-5530.6056411597265
4952.0,-5517.0
4817.0,-5441.0
4813.13203529073,-5437.90015503309
4686.0,-5330.0
4647.045482736618,-5296.022682238599
4583.184794910721,-5236.8571093160535
4550.0,-5170.0
4540.084982250751,-5154.113061009998
4431.045429508596,-4986.076310812642
4408.0,-4950.0
4380.993595432769,-4905.524185283014
4357.0,-4857.0
4351.604113662525,-4846.114398264952
4277.460449299974,-4697.529325403909
4255.0,-4652.0
4202.0,-4542.0
4191.798588076005,-4520.483282140468
4106.8545507498575,-4340.272983701372
4086.0,-4296.0
4069.2556040336844,-4260.574857431003
4063.0,-4247.0
4032.917777771591,-4181.17144955207
3983.9750649871366,-4078.314904547886
3974.0,-4059.0
3921.0,-3968.0
3908.919004787808,-3949.3375372662845
3878.0,-3903.0
3818.4793871362235,-3811.9304602478956
3815.0,-3807.0
3792.0,-3776.0
3773.879437064998,-3752.5023639835063
3725.92745466437,-3701.8945748313467
3714.0,-3693.0
3661.447518438475,-3660.7568930349057
3617.0,-3638.0
3588.4711277865517,-3629.2810882149224
3570.0,-3630.0
3523.213722691976,-3630.6875112500065
3500.0,-3633.0
3465.592888658814,-3641.209972079976
3446.0,-3648.0
3396.0,-3671.0
3394.7916756083264,-3671.6866202913443
3322.9623801913526,-3724.462909580618
3320.0,-3727.0
3291.0623467658047,-3754.470838163851
3287.0,-3759.0
3228.0928107602804,-3832.1952465461886
3219.0,-3844.0
3194.9248151300253,-3878.778124930093
3187.0,-3892.0
3157.926408221234,-3939.431810558233
3151.0,-3951.0
3086.0,-4063.0
3080.6249667913653,-4071.630618747476
3063.0,-4099.0
3001.0,-4182.0
2988.98613248041,-4195.890314981553
2931.0,-4252.0
2900.0612406253795,-4276.237524415596
2791.0,-4352.0
2788.6104448249507,-4353.554937127356
2679.0726910814788,-4411.099400444358
2641.0,-4424.0
2523.978827511819,-4455.5262235763175
2516.0,-4457.0
2358.582139734155,-4461.233925114896
2302.0,-4452.0
2232.235044391085,-4435.7893869341115
2091.0,-4394.0
2078.5940166411115,-4390.030696988129
2014.843923786568,-4367.8884917549685
1919.0,-4310.0
1916.6708710379326,-4308.328616624941
1750.2690780897256,-4179.871228724176
1722.0,-4157.0
1684.4450726776272,-4124.520794951779
1658.0,-4099.0
1625.6619203740565,-4068.378791845765
1549.0,-3996.0
1527.9580253352642,-3975.988555973762
1435.735509128273,-3887.2975950043883
1419.0,-3871.0
1315.0,-3769.0
1264.370054895395,-3719.93631203415
1247.0,-3703.0
1167.1337034253288,-3624.0234042326238
1159.0,-3616.0
1019.0,-3479.0
995.6286196442097,-3455.9984841318824
886.0,-3348.0
855.6685708498517,-3318.6946462923465
792.0,-3257.0
740.0,-3205.0
737.831086531532,-3202.845690664941
590.0,-3059.0
577.3022960802791,-3046.618134435837
481.0,-2952.0
478.4221406771388,-2949.4653675011637
391.64742886893265,-2864.2566164652767
372.0,-2845.0
260.1577075182887,-2735.642863447545
238.0,-2714.0
157.21730465107177,-2635.0440254045807
148.0,-2626.0
69.0,-2548.0
27.307058899781957,-2506.969586287498
-170.64811592580995,-2312.8886538717716
-194.0,-2290.0
-297.3135435702744,-2188.6728374208783
-370.0,-2118.0
-383.0047473794556,-2105.4056384738265
-453.0,-2038.0
-586.0,-1913.0
-601.2337563609843,-1898.6240590018517
-732.0,-1774.0
-827.0,-1683.0
-867.0149018240675,-1644.9233932008435
-962.0,-1555.0
-1054.5373306467643,-1467.3617175260651
-1096.0,-1428.0
-1277.1715234334188,-1255.714087158295
