1864.2581912060718,112.06078940473544
1892.620245119033,94.0635371176835
1978.0,40.0
2000.0067847411608,26.096191251176382
2103.196372102828,-38.912503348201916
2159.0,-74.0
2341.6492410217597,-188.76033029957838
2385.0,-216.0
2482.511385765562,-277.309457005068
2547.4239550284155,-318.1688632026809
2571.0,-333.0
2639.632886045434,-376.1606735638119
2759.0,-451.0
2909.1223064076576,-544.7406228705593
2977.0,-587.0
3076.5922991421226,-648.6451500034037
3145.0908090901844,-690.2113895756709
3198.0,-722.0
3362.0,-820.0
3403.1687316867838,-844.5332995252912
3572.0,-945.0
3643.893866282543,-987.6000694636398
3717.2035954408007,-1030.3184875856905
3825.0,-1087.0
3855.411168486499,-1102.8541742893644
4117.754340112478,-1239.2690852631042
4123.0,-1242.0
4236.2842794097,-1301.1832558331998
4313.0,-1341.0
4410.2702846910015,-1391.0643877972752
4414.0,-1393.0
4517.0,-1447.0
4524.535831757642,-1450.932330264462
4599.0,-1490.0
4625.058272638761,-1504.4068665639286
4688.0,-1541.0
4694.079331301561,-1544.5942193205485
4804.0,-1616.0
4837.5703285653435,-1642.7166317562142
4916.0,-1711.0
4947.8777634935095,-1743.5079029846604
4963.0,-1769.0
5000.386972411941,-1846.1759261940117
5001.0,-1848.0
5012.0,-1896.0
5014.336386899926,-1917.189570378772
5011.0,-1967.0
4986.734317184356,-2039.215440285907
4981.0,-2053.0
4962.900407775969,-2087.2373146891287
4953.0,-2101.0
4916.0,-2148.0
4906.143058889764,-2159.551296799852
4876.163518027476,-2192.740712639274
4875.0,-2194.0
4844.221573719191,-2226.7265929559403
4843.0,-2228.0
4802.821788888378,-2268.80020380809
4775.0,-2296.0
4733.0,-2336.0
4729.908184437464,-2338.9346137346106
4690.723696264043,-2376.3159046659075
4666.0,-2401.0
4599.064203956861,-2473.4787159192238
4597.0,-2476.0
4510.907566555306,-2604.4275483456854
4475.0,-2667.0
4456.670394565872,-2701.580906753355
4445.0,-2741.0
4415.605078438843,-2906.0390818407905
4414.0,-2919.0
4412.02728563134,-2988.0918662484555
4413.0,-3018.0
4413.740613335791,-3070.966072503632
4412.0,-3162.0
4407.307103345963,-3221.9072780335687
4400.0,-3277.0
4372.0,-3405.0
4369.907957684351,-3412.6599829224415
4346.0,-3492.0
4330.367817029517,-3538.410326457794
4286.0,-3629.0
4157.211542604807,-3808.138163410476
4155.0,-3811.0
4110.009253321295,-3865.21907316968
4057.386353350248,-3901.380535001
4055.0,-3903.0
3954.7778794469714,-3971.006838547497
3873.0,-4025.0
3854.784206814879,-4036.501673599677
3733.0,-4097.0
3721.89730670951,-4101.509350812529
3492.075592634698,-4188.907898251522
3458.0,-4201.0
3392.2324806071206,-4221.212192314288
3353.0,-4229.0
3264.0,-4247.0
3229.965205758033,-4252.500265045762
3112.0,-4269.0
3002.921096461098,-4282.152509478115
2871.0,-4281.0
2654.0,-4267.0
2605.8355902835474,-4263.138616980946
2524.0,-4247.0
2468.9105737184327,-4233.760508930398
2323.0,-4196.0
2283.1410514721365,-4183.199948342566
2172.2308643678984,-4140.715109269583
2140.0,-4127.0
2033.9663280574391,-4078.0045885197583
2016.0,-4069.0
1923.2890498742138,-4019.118636164278
1867.0,-3987.0
1822.0884631976223,-3960.6484999566333
1747.0,-3915.0
1561.0,-3799.0
1508.7959354783088,-3766.060670756082
1414.0,-3705.0
1312.4798334803631,-3640.6607573945325
1280.0,-3620.0
1132.0,-3525.0
1098.1372609186694,-3503.2605892508664
929.0,-3395.0
897.0084673573762,-3374.5392301262746
641.0,-3211.0
551.6158386765026,-3154.4285051163984
489.0,-3116.0
305.0,-3008.0
294.5083741158321,-3002.2082695196787
130.0,-2915.0
94.73301505430582,-2895.6987324773013
-60.0,-2817.0
-150.29061566932623,-2779.415862044379
-284.0,-2728.0
-417.3886328897804,-2687.102372150487
-532.0,-2684.0
-568.9310525971053,-2682.211947802269
-691.0,-2681.0
-836.6280784500491,-2697.6983417061397
-899.0,-2708.0
-1004.2430237387834,-2734.5099666128667
-1078.1686360258825,-2769.5532805187913
-1081.0,-2771.0
-1238.7545627626303,-2857.682110968634
-1256.0,-2868.0
-1360.0,-2932.0
-1370.3691050774305,-2937.8947794580754
-1562.466261344493,-3035.3315066911096
-1566.0,-3037.0
-1646.8692254367647,-3067.1284440991694
-1678.0,-3072.0
-1774.713542946591,-3083.7923642015353
-1922.95623187862,-3093.288122766623
-1962.0,-3092.0
-2105.991465199858,-3065.8810583225545
-2243.0,-3009.0
-2290.3562969306076,-2984.8787327211203
-2344.5237843641344,-2951.1820403487122
-2401.0,-2913.0
-2467.0,-2867.0
-2485.2214635488804,-2853.7289558282882
-2550.0,-2803.0
-2610.293391431096,-2748.9935771899163
-2689.0,-2677.0
-2739.3115451991757,-2635.819822995668
-2841.0,-2566.0
-3263.0,-2439.0
-3338.9960432599523,-2438.0968177145874
-3464.0,-2450.0
-3500.7165366180407,-2456.439711976128
-3651.0,-2494.0
-3759.9823555100743,-2530.999698195662
-3781.0,-2540.0
-3952.0,-2623.0
-3976.1854040699313,-2635.7540628644465
-4045.01357671579,-2680.8272957920112
-4078.0,-2710.0
-4168.0,-2792.0
-4204.514841470226,-2829.18045382453
-4273.077919102253,-2918.9830194868423
-4275.0,-2922.0
-4353.0,-3059.0
-4386.8188775731405,-3137.66494879673
-4399.0,-3195.0
-4409.5778836860345,-3241.116508981132
-4413.0,-3266.0
-4418.968893258609,-3409.9592589668628
-4419.0,-3413.0
-4416.680915713713,-3480.3930761222678
-4408.5428580838125,-3506.4148524562324
-4405.0,-3519.0
-4388.827673417272,-3577.282543747
-4383.0,-3595.0
-4354.0,-3658.0
-4330.221248608992,-3692.6508915276336
-4247.0,-3784.0
-4243.375385513383,-3787.2583718189994
-4208.339012892751,-3812.5163045945706
-4181.0,-3826.0
-4102.414759415583,-3856.8502320492285
-4092.0,-3860.0
-4020.7371011307396,-3875.4985820114503
-3984.0,-3881.0
-3922.0,-3888.0
-3882.5745715633784,-3890.434541459447
-3821.0,-3892.0
-3655.0535531002206,-3894.4756812908768
-3615.0,-3895.0
-3535.931734101819,-3896.0552984435603
-3479.0,-3898.0
-3463.515825798661,-3898.6777600951145
-3338.0,-3906.0
-3330.0598806826024,-3906.6580633469157
-3247.0,-3915.0
-3095.0,-3934.0
-3079.639050875223,-3936.088619632138
-3006.0,-3947.0
-2999.1962211968953,-3948.072345732781
-2903.473979311316,-3963.552854905806
-2870.0,-3969.0
-2702.0,-3997.0
-2545.6561336101236,-4027.692765220305
-2453.0,-4048.0
-2375.1416215738263,-4067.664491849005
-2251.0,-4092.0
-2066.034715187345,-4122.294176800705
-2015.0,-4130.0
-1892.3073822332256,-4145.451483693325
-1766.0917785800564,-4143.387888247757
-1739.0,-4143.0
-1655.744979624612,-4142.491322545898
-1606.0,-4142.0
-1535.2661378670712,-4140.56214499423
-1487.0,-4139.0
-1276.0,-4128.0
-1265.077868481909,-4127.4294912249015
-1155.0,-4122.0
-1017.2023542271736,-4115.295877662742
-891.0,-4110.0
-861.6369432919929,-4109.088867047879
-767.0,-4107.0
-589.4154066963381,-4102.334945904164
-532.0,-4101.0
-459.24507505268804,-4099.695440728424
-326.9561426466397,-4098.52944402959
-279.0,-4098.0
-172.29307256283505,-4096.533070491552
-135.0,-4096.0
9.0,-4094.0
85.02934248501803,-4092.9603956140145
155.0,-4092.0
215.23782321880333,-4091.163363034439
399.0,-4089.0
442.7138288618114,-4088.74507635124
578.0,-4089.0
604.9447802058017,-4089.3412321067217
709.0,-4092.0
768.5325908755214,-4095.0360635006864
899.1406927745337,-4106.424342346711
904.0,-4107.0
984.0,-4118.0
1053.2594100938702,-4129.673768181906
1219.2477024812654,-4170.97643679229
1226.0,-4173.0
1529.0,-4272.0
1610.516739548075,-4300.39803600583
1656.0,-4317.0
1761.3390288026912,-4354.702684890637
1782.0,-4362.0
1927.1560823681034,-4411.917042281685
1945.0,-4418.0
2063.0,-4458.0
2137.269286760516,-4482.213568711362
2269.271581976364,-4523.520344941524
2353.0,-4549.0
2434.0,-4573.0
2574.2659946006133,-4612.943687127782
2746.0,-4660.0
2928.9187272099152,-4704.401942671532
3083.0,-4732.0
3093.120456788092,-4733.6176184670385
3277.4825609117875,-4759.801527944976
3430.7750856358634,-4777.027230212629
3463.0,-4780.0
3594.592621030833,-4789.108127192793
3674.0,-4792.0
3815.0,-4794.0
3969.8344522883053,-4791.712134327672
3992.0,-4791.0
4218.659085742806,-4779.269678712314
4223.0,-4779.0
4482.25616143884,-4757.236646916869
4546.0,-4749.0
4804.795221301326,-4711.110393806655
4812.0,-4710.0
4988.861782686739,-4680.170251937571
5105.464715721675,-4649.11397088949
5110.0,-4648.0
5215.0,-4622.0
5353.0,-4582.0
5379.477915339251,-4574.085553001812
5490.016889696612,-4540.936648108276
5647.0,-4490.0
5730.178935992934,-4462.137808522299
5905.0,-4403.0
6024.409864404488,-4362.503902986255
6212.285742413095,-4298.370770222691
6284.0,-4274.0
6323.760572472362,-4260.531173972914
6593.9599930706945,-4169.408865880472
6613.0,-4163.0
6722.6170556021325,-4126.141018619137
6856.0,-4080.0
6908.262445009708,-4061.5184788135603
7126.160615521887,-3983.1434294688174
7132.0,-3981.0
7338.828651226529,-3901.7280994919206
7458.0,-3853.0
7552.972371818134,-3813.4963768141406
7627.0,-3782.0
7757.090243660599,-3724.7111173271605
7779.0,-3715.0
7914.0,-3655.0
8098.0,-3570.0
8126.456704174758,-3556.6364371039745
8299.0,-3475.0
8393.922306970077,-3430.1010225010637
8482.0,-3388.0
9100.0,-3068.0
9108.88278945309,-3063.0229537514074
9219.676538969348,-2998.3181101565874
9247.0,-2981.0
9324.31378113071,-2929.5851609568476
9425.0,-2859.0
9472.173908752417,-2821.4700071177976
9488.0,-2806.0
9532.107833098215,-2761.629432791197
9552.0,-2740.0
9570.182693543826,-2719.1634334336522
9599.0,-2683.0
9614.0,-2661.0
9626.536082450459,-2641.231751434358
9653.80107800101,-2588.359207191008
9661.0,-2567.0
9675.898560954553,-2500.28136164516
9678.0,-2485.0
9679.143991442797,-2455.9300547344524
9667.0,-2417.0
9664.609410131588,-2411.0017930559907
9648.945803386523,-2377.6394554892886
9635.0,-2357.0
9586.0,-2295.0
9574.205598253051,-2280.761399456446
9560.474576345428,-2266.172604897095
9545.0,-2254.0
9535.072382045806,-2245.7076711309264
9460.0,-2182.0
9455.750741034324,-2178.4519924092456
9406.630708971015,-2138.015807425825
9362.096238228964,-2101.7135565431563
9348.0,-2090.0
9327.216630723156,-2072.1869393566467
9296.0,-2042.0
9277.01457769092,-2022.8805400477625
9259.0,-2004.0
9211.0,-1946.0
9183.629675304688,-1904.7500020868106
9162.0,-1865.0
9151.461174982327,-1841.6768889626778
9139.0,-1808.0
9120.0,-1716.0
9119.600016553046,-1711.371936506233
9119.0,-1657.0
9121.308462920397,-1633.6303637396873
9126.0,-1606.0
9139.769157150151,-1551.399054833356
9162.0,-1491.0
9197.234390014639,-1426.6261296378618
9238.0,-1369.0
9250.202487462278,-1353.766988415461
9273.131444407056,-1331.752839312089
9285.0,-1322.0
9307.189377396302,-1304.4480433469778
9324.0,-1292.0
9408.490280598033,-1244.8563922739347
9425.0,-1239.0
9530.891047441977,-1214.2421712149517
9590.0,-1206.0
9659.078318810643,-1201.141218881295
9751.11083120276,-1200.9956891256613
9759.0,-1201.0
9847.6930319284,-1200.9567658255664
9856.0,-1201.0
9973.104472385798,-1193.7798201280336
9977.0,-1193.0
10136.0,-1148.0
10143.487443096992,-1145.4438093901229
10208.218932154536,-1112.958486237881
10226.0,-1100.0
10276.421568260768,-1063.048898838368
10327.0,-1021.0
10338.928574758394,-1009.3339142676192
10378.0,-965.0
10398.891882206144,-938.2692552247601
10441.0,-878.0
10448.466714869002,-866.5949633052232
10482.0,-811.0
10519.0,-733.0
10528.528668033665,-709.4151789094799
10548.0,-652.0
10555.0,-623.0
10559.409771336626,-602.1827725556868
10564.0,-565.0
10564.076509777211,-553.6901629655836
10550.0,-462.0
10548.803375715572,-458.54236251964636
10501.077869124549,-418.32381249018687
10491.0,-414.0
10450.6529616759,-394.1338465654969
10449.0,-393.0
10381.805341217476,-319.4186684499902
10381.0,-318.0
10374.966264080333,-283.21300681599774
10379.0,-263.0
10385.222949172874,-229.09002967657665
10396.434226252399,-170.0813856487156
10398.0,-163.0
10415.0,-97.0
10424.75476548432,-60.24233034244577
10436.0,-18.0
10446.82281924848,21.80221553840283
10459.366886451298,63.8936197685201
10467.0,87.0
10485.0,139.0
10493.293896985238,162.20196046642698
10503.0,189.0
10534.630129526195,276.3330751659427
10542.0,297.0
10555.78674204363,336.9802237015509
10560.704267314466,362.55208365191385
10560.0,387.0
10548.453049153419,451.6481407892308
10548.0,453.0
10523.439252703316,494.37646125217026
10498.0,519.0
10487.925992785296,528.1191467768889
10462.0,546.0
10458.78272385574,547.8692600078099
10373.0,593.0
10358.873322832864,599.7418962827691
10326.0,611.0
10314.157495660651,614.7499415247531
10281.0,625.0
10252.65442599356,632.8078435720738
10208.0,642.0
10185.806738162579,645.5223834890882
10064.0,661.0
10041.700517598834,663.359651162777
10012.0,665.0
9955.664233320325,667.1244358060104
9861.663951693252,669.9378169819182
9859.0,670.0
9767.0,672.0
9650.0,676.0
9617.087183719372,677.0379879294128
9548.0,679.0
9470.641304743884,681.1857122240967
9442.0,682.0
9268.0,687.0
9258.17216125927,687.2895372164986
9106.0,692.0
9097.139250035902,692.2824479022198
8953.54982158708,696.8576302250184
8949.0,697.0
8797.634550602954,701.622981771059
8658.0,706.0
8621.167190875332,707.2857664452987
8514.0,711.0
8493.567776845666,711.5573056995462
8352.0,715.0
8286.21415646034,716.6045911582028
8187.0,719.0
8145.374591487354,719.9893320857158
7975.0,724.0
7895.532532287825,725.834663042775
7719.516806882287,729.3594977319996
7686.0,730.0
7538.0,733.0
7358.0,737.0
7343.533666596868,737.3285021355472
7145.0,742.0
7136.110229721245,742.2006439377893
6993.671481682574,745.3076192714833
6915.0,747.0
6704.914011490177,751.4980198752302
6681.0,752.0
6550.5973890963505,754.5901258775727
6478.0,756.0
6291.909275815216,759.8867053424111
6287.0,760.0
6126.0,764.0
6099.447973360581,764.6580155168265
5936.707974854898,768.8317753856985
5931.0,769.0
5751.0,775.0
5603.0,780.0
5576.597716012171,780.9024971867358
5405.0,787.0
5216.853913928655,793.9939289502257
5189.0,795.0
5084.056944597114,798.5143656772078
4971.0,802.0
4913.133788682615,804.1191105223915
4785.0,809.0
4773.28731708106,809.439841434585
4649.0,814.0
4592.596697203252,816.0106307354329
4306.0,826.0
4276.421548117167,827.0177387802983
4098.0,833.0
4000.471937540167,836.2205788182797
3836.0,842.0
3571.0,852.0
3529.680025241465,853.5041141980923
3363.917515284961,859.1417209480147
3181.0,865.0
3160.5518519434645,865.7234478542726
2990.506883887894,872.1420850795228
2966.0,873.0
2739.186162754301,880.6368125184088
2612.0,885.0
2501.4528244021008,889.1285300094673
2379.826530802542,893.8668577686259
2376.0,894.0
2157.0,901.0
2124.3441971907437,901.9977621031591
1977.9702852563394,906.3444626215017
1955.0,907.0
1844.0,910.0
1830.1302946596431,910.3361998414618
1609.0467352910355,914.5947821776657
1586.0,915.0
1424.3004094366288,917.857848204496
1364.0,919.0
1215.0,922.0
1126.3705665864766,923.6658129633374
935.0,927.0
828.6072928058572,928.8949667559052
823.0,929.0
603.5814701118919,933.510377594472
523.0,935.0
453.79711720605775,936.1121643436281
335.0,938.0
304.02969708965105,938.5889189368932
147.0,942.0
-3.0,945.0
-35.012945489596355,945.4557436927342
-154.0,947.0
-223.75956377571177,948.5453295381565
-324.0,951.0
-514.0,954.0
-526.9005973072418,954.248758006051
-811.4752433446141,963.7252565927145
-817.0,964.0
-968.0,973.0
-1038.303951137449,978.5202661132411
-1044.0,979.0
-1227.5668822526086,996.5073292715429
-1252.0,999.0
-1413.9318068355874,1016.001751064649
-1491.0,1024.0
-1620.8689160559725,1036.9835811454739
-1641.0,1039.0
-1803.0,1055.0
-1833.3974580205243,1057.7042898656157
-2023.6258347215742,1073.6290828448402
-2028.0,1074.0
-2110.6223645786845,1081.525170377216
-2182.0,1080.0
-2190.267091574513,1079.6318873665289
-2304.0,1074.0
-2364.145457172956,1069.3897438651359
-2390.0,1063.0
-2407.94581834245,1058.9978216012337
-2469.0,1044.0
-2507.6891552416796,1029.6060571977782
-2522.0,1023.0
-2541.1736385934064,1012.8583411907485
-2562.0,998.0
-2582.5389065107324,978.2994704337527
-2603.0,955.0
-2610.8854942771395,944.6377892619691
-2627.060385222973,908.7272108200186
-2629.0,901.0
-2636.973886727468,844.0588693598603
-2637.0,843.0
-2634.160077042275,802.9814669789034
-2634.0,802.0
-2629.0,779.0
-2615.0,737.0
-2613.833747256153,734.1676019612544
-2601.0,707.0
-2590.643639926321,689.2013565300383
-2575.0,666.0
-2546.0,630.0
-2540.3366078991153,623.9226740833678
-2506.0,591.0
-2479.5768012512426,568.2026046327112
-2445.0,541.0
-2391.0,502.0
-2369.692956006386,487.9026068134881
-2311.0,454.0
-2245.9061855272607,421.0169099381722
-2244.0,420.0
-2172.0,377.0
-2080.405343722769,317.99073660493326
-2068.0,310.0
-1997.970061823732,265.60744313791923
-1954.0,239.0
-1949.012166780871,236.0197902931472
-1813.0,161.0
-1457.0,88.0
-1428.9872488367716,89.9931200226303
-1310.443967898943,112.926131503277
-1289.0,119.0
-1135.0,169.0
-1035.5227593249047,208.0640490469172
-899.0,277.0
-868.3277706269614,292.0801832129535
-794.0,328.0
-663.0,391.0
-629.9671614668562,406.91188993294367
-542.0,449.0
-405.0,510.0
-382.58318672340454,518.5970994001184
-223.26343181889206,567.7711996206451
-206.0,572.0
-110.71505138945524,592.0184660477555
-53.0,602.0
55.31066760988732,615.5879555537838
60.0,616.0
292.0,631.0
322.6821460571347,632.5372324289855
399.10148193052015,634.3437915455575
453.0,632.0
623.325790986522,618.787229357285
688.0,607.0
934.7644366537105,546.1191064399138
939.0,545.0
1087.0,497.0
1115.705514446566,486.08052827717046
1298.3121777354984,416.27955571043486
1361.0,392.0
1419.3838996753666,368.8524680861592
1516.0,318.0
1542.1001596340868,302.9799209573197
1822.0,139.0
1935.5742839682514,70.36660952534876
1996.9494248066735,32.07312963659163
