-7663.641333977854,-6585.13180710357
-7668.0,-6519.0
-7680.117283615316,-6368.243215714385
-7681.0,-6301.0
-7678.314724840872,-6190.136889162646
-7671.0,-6032.0
-7662.543141658918,-5899.558894268095
-7657.0,-5841.0
-7653.66008782371,-5806.694486455791
-7639.892934670631,-5673.662665859515
-7635.0,-5634.0
-7618.290351158649,-5524.146345639683
-7614.0,-5500.0
-7590.5942753215595,-5379.3768085356505
-7563.0,-5247.0
-7544.432802650513,-5163.424962044526
-7525.0,-5093.0
-7523.940890688721,-5089.16397777568
-7503.0,-5014.0
-7488.990796115912,-4966.941912897541
-7482.0,-4945.0
-7438.576658068372,-4821.950171700513
-7435.0,-4812.0
-7421.675397973739,-4776.040684798432
-7409.0,-4758.0
-7313.157639366853,-4667.72724051539
-7299.0,-4657.0
-7247.095222928243,-4634.066143138038
-7217.0,-4628.0
-7195.961190305932,-4623.2738561547885
-7157.0,-4615.0
-7071.821836800276,-4602.361227576573
-7061.0,-4601.0
-6995.0,-4594.0
-6945.834796183996,-4590.045689751305
-6857.0,-4583.0
-6850.869249759847,-4582.476492206417
-6723.0,-4571.0
-6643.710956826836,-4562.356038472622
-6579.0,-4554.0
-6539.0,-4549.0
-6460.502809985045,-4536.510763094843
-6384.0,-4521.0
-6225.429569888794,-4486.030836125886
-6190.0,-4478.0
-6133.209571844178,-4464.812217991418
-6026.43473273837,-4437.243234563145
-5985.0,-4427.0
-5842.0,-4392.0
-5802.706416286601,-4382.369063635432
-5744.0094704619905,-4367.783147620322
-5698.0,-4356.0
-5562.0,-4321.0
-5554.351125233007,-4319.019389253281
-5393.065084226982,-4277.276192584171
-5388.0,-4276.0
-5342.0,-4265.0
-5312.1831000116545,-4258.729728423558
-5112.442400183647,-4222.378391254406
-5078.0,-4217.0
-4941.0,-4203.0
-4869.881055136137,-4197.348078110889
-4760.0,-4186.0
-4643.756759735391,-4165.494156881609
-4612.0,-4158.0
-4496.86586604086,-4120.746353069355
-4439.0,-4095.0
-4344.122418970538,-4048.403630752263
-4253.0,-4002.0
-4183.115808784273,-3966.4244956897483
-4108.0,-3930.0
-4016.75638389602,-3888.555791891607
-3933.0,-3855.0
-3680.0,-3777.0
-3660.3085375170517,-3771.938910441288
-3525.391396703429,-3746.1027273864497
-3518.0,-3745.0
-3301.0,-3716.0
-3276.5915567055904,-3713.0673866133648
-3167.4279549847743,-3701.2237344442897
-3062.0,-3686.0
-2944.896504670683,-3665.034908142744
-2893.0,-3654.0
-2794.7581167751705,-3627.665947659026
-2627.879197321778,-3549.694174200635
-2585.0,-3523.0
-2521.0839032442614,-3477.2221474389335
-2428.0,-3392.0
-2413.486581995235,-3376.0750124866445
-2353.125990866775,-3294.2031930990383
-2346.0,-3282.0
-2310.0,-3210.0
-2288.02448912459,-3151.045364011351
-2270.743501642969,-3069.8837937054527
-2270.0,-3064.0
-2262.2248953471335,-2944.3463460939142
-2262.0,-2939.0
-2270.333621622074,-2811.82056145465
-2281.0,-2775.0
-2324.0,-2642.0
-2340.5673778050323,-2602.48449759805
-2347.0,-2591.0
-2369.8193432724693,-2550.501094053683
-2415.124010817952,-2471.9754088015798
-2428.0,-2451.0
-2453.3666977008243,-2412.4269712019372
-2502.0,-2350.0
-2575.931374510307,-2261.6965522147716
-2590.0,-2245.0
-2626.2265908513064,-2201.258312345335
-2637.0,-2186.0
-2650.822165851441,-2166.3263177464246
-2694.0,-2103.0
-2733.7334294357856,-2026.4832804699472
-2740.0,-1994.0
-2743.257610450588,-1868.3707153400605
-2743.0,-1855.0
-2726.0,-1785.0
-2710.0417757440723,-1749.955897953069
-2646.1223886230478,-1613.3525109872287
-2634.0,-1589.0
-2590.0,-1523.0
-2554.7081348756974,-1474.604651509197
-2546.0,-1463.0
-2444.0,-1343.0
-2439.5843934703917,-1338.159628077671
-2322.0,-1210.0
-2264.8413202735874,-1143.76741398235
-2194.0,-1055.0
-2134.4963207132096,-971.8582826767022
-2119.0,-949.0
-2086.83568330995,-901.1620116408375
-2043.0,-836.0
-1980.0,-744.0
-1939.0655363692279,-686.8295401198126
-1873.0,-599.0
-1812.076761131451,-522.314315874424
-1781.0,-484.0
-1745.9781648388523,-441.3850571740612
-1713.0,-403.0
-1627.0,-307.0
-1607.4154125134082,-286.56796285206195
-1534.4261982341834,-224.98964306127277
-1533.0,-224.0
-1489.0,-203.0
-1439.023953144212,-201.48009298946852
-1388.0,-207.0
-1364.8327765830181,-212.32821404532154
-1330.1647427451476,-233.21592201968173
-1310.0,-252.0
-1300.980111884818,-260.5062997565472
-1278.0,-286.0
-1268.5503906628712,-300.5122911931335
-1235.0,-370.0
-1232.8449268310471,-375.41564410758974
-1219.0,-427.0
-1218.1388714474847,-430.43108909739914
-1201.603082016228,-495.04900895355553
-1193.0,-528.0
-1185.725104121076,-555.0309561021369
-1174.0,-594.0
-1161.8260485038838,-633.5818470891527
-1144.0,-687.0
-1137.6195523799286,-703.980459881024
-1131.0,-721.0
-1092.0,-816.0
-1068.9582587627528,-864.5995891221711
-1056.0,-890.0
-1003.0,-981.0
-1001.1164931842552,-983.8244422769419
-962.0,-1036.0
-925.0,-1075.0
-919.2567450109503,-1080.091731537551
-879.0,-1110.0
-873.7594839071927,-1113.3233590437362
-838.0,-1128.0
-835.4210204717234,-1128.4101333961705
-780.0,-1130.0
-757.4940211159569,-1123.309779708001
-751.0,-1113.0
-738.9762501787376,-1093.930278291085
-733.0,-1081.0
-729.1825185425004,-1059.4390733895993
-730.0,-1041.0
-735.251989998972,-1006.4357589864296
-737.0,-998.0
-747.0,-970.0
-747.4136208808578,-968.9850340708291
-755.087257879478,-949.5812237067884
-759.0,-941.0
-769.0,-923.0
-775.2866384833894,-912.2215162823879
-794.2013465323539,-883.0159594365851
-795.0,-882.0
-807.0,-868.0
-851.4529773246932,-817.7095631658904
-853.0,-816.0
-889.1453295215792,-778.2795048175486
-901.0,-767.0
-913.8749658146293,-755.3439896390971
-947.0,-718.0
-963.2134772203973,-696.7931956201635
-1005.0,-637.0
-1020.3949442869911,-607.0333526821709
-1029.0,-559.0
-1028.67779733654,-516.0877396062377
-1023.0,-490.0
-1020.9440781570961,-483.6665049937541
-1005.408889749543,-448.23227299157816
-992.0,-426.0
-973.7005389311003,-403.5182867225677
-964.0,-394.0
-916.0,-354.0
-913.3100735116295,-351.97633721951433
-846.4534608458895,-310.804473118664
-817.0,-296.0
-773.0098812157687,-275.2155053498804
-717.2805808467489,-250.94616722431897
-715.0,-250.0
-653.5435048639554,-226.0123831851216
-617.0,-213.0
-566.8303747066914,-196.07083189682024
-557.0,-193.0
-490.06789576183775,-176.71980663410451
-478.0,-175.0
-395.0,-168.0
-371.01283303044795,-167.48767142951695
-319.3095142614931,-183.67680938154984
-314.0,-187.0
-282.0,-210.0
-266.6729376678757,-226.46306556550655
-242.0,-267.0
-240.8817676732467,-269.21653044110985
-226.0,-303.0
-210.15495791996034,-350.0629521375403
-206.0,-366.0
-201.0,-389.0
-194.0,-433.0
-192.3225057702801,-445.7998033964573
-187.0,-501.0
-185.0,-565.0
-184.76018082202296,-577.6861987669737
-184.4405756626983,-618.4642128102786
-186.0,-654.0
-192.81442133859218,-744.3300122124673
-195.0,-769.0
-197.542906741887,-795.1158322975223
-202.0,-836.0
-217.0,-970.0
-219.0725705793829,-988.6271880400793
-226.0,-1054.0
-228.84120847113505,-1080.0496185837624
-240.89686155214278,-1188.9324031408119
-245.0,-1226.0
-254.7973160494817,-1314.4024097288043
-257.0,-1334.0
-269.0610519844754,-1440.2582738007306
-278.0,-1524.0
-282.1000450392485,-1595.319685271513
-302.0,-1699.0
-344.0,-1879.0
-353.40145035596936,-1918.7119604239952
-373.6046934766952,-1985.5335371137296
-397.0,-2050.0
-459.3180487677311,-2225.660050759727
-463.0,-2236.0
-505.7249436686798,-2353.2093544951326
-533.9257685619037,-2419.9550754181405
-536.0,-2425.0
-578.0,-2527.0
-587.0228193353227,-2548.320949762374
-668.9486928118993,-2730.686096366704
-688.0,-2769.0
-766.3686622431896,-2912.49829412218
-865.0,-3060.0
-922.1616502339223,-3129.280632126232
-1027.3131189565224,-3236.754869617749
-1063.0,-3271.0
-1112.783059418484,-3314.329665376696
-1144.0,-3336.0
-1310.4469868462375,-3438.371328788305
-1401.0,-3488.0
-1447.6502828496873,-3511.4316878480763
-1538.0,-3554.0
-1594.8527135237603,-3580.6103172370276
-1717.0,-3638.0
-1807.4823463986613,-3682.0296267523245
-1932.2016072652305,-3745.8280600734615
-1964.0,-3762.0
-2139.675835360533,-3851.143917738468
-2173.0,-3868.0
-2280.797632021199,-3921.9267268469275
-2312.0,-3937.0
-2341.3868155069686,-3950.86001663685
-2390.0,-3973.0
-2441.2228158998487,-3996.1520683493104
-2549.0,-4044.0
-2556.27590101778,-4047.1486499980647
-2622.0,-4075.0
-2673.6044702050845,-4095.8219901615403
-2853.43562244413,-4161.670651860411
-2875.0,-4169.0
-3063.849218511891,-4227.098098884405
-3071.0,-4229.0
-3503.0,-4315.0
-3548.7138152457483,-4321.886055679181
-3636.6835077236997,-4331.009933699604
-3670.0,-4334.0
-3713.511082029335,-4338.170141963664
-3778.0,-4345.0
-3798.2036604889436,-4347.233617748403
-3878.0,-4356.0
-3949.4917667041905,-4361.948952960874
-4003.38535514011,-4369.792476936657
-4017.0,-4373.0
-4114.0,-4401.0
-4125.3844037026,-4405.914235006138
-4163.0,-4445.0
-4187.1617720079485,-4483.161712342765
-4194.0,-4495.0
-4216.0,-4537.0
-4222.059840616205,-4547.860849387904
-4236.0,-4570.0
-4242.872267525079,-4579.112233745748
-4277.0,-4613.0
-4289.7746750980605,-4622.441618916453
-4318.0,-4635.0
-4372.307399581983,-4647.445734017781
-4380.0,-4649.0
-4419.0,-4651.0
-4425.598639207854,-4650.30346857368
-4504.0,-4641.0
-4512.382096264485,-4639.616951936596
-4562.573035499732,-4626.896159073438
-4605.0,-4615.0
-4655.999587239478,-4604.368098187718
-4732.0,-4599.0
-4804.784777846987,-4603.42614490465
-4866.0,-4610.0
-4893.900314266617,-4613.6538552610755
-4971.286968808825,-4626.256210990817
-5001.0,-4631.0
-5137.0,-4652.0
-5170.025982675642,-4656.927382820932
-5250.063881649153,-4668.223136131946
-5316.0,-4677.0
-5327.486773298032,-4678.525798255102
-5384.140059466895,-4686.034549069834
-5444.702829456158,-4693.816240839064
-5487.0,-4699.0
-5588.0,-4711.0
-5594.246457047865,-4711.736335578692
-5691.0,-4723.0
-5710.2186909316615,-4725.168004672847
-5838.6375511877195,-4739.319587530989
-5870.0,-4743.0
-6005.0,-4757.0
-6235.0,-4777.0
-6393.11289363823,-4790.090503967037
-6525.0,-4796.0
-6527.319287022931,-4796.173730017734
-6592.243987206548,-4802.9627168748275
-6672.0,-4823.0
-6676.343832399316,-4824.602110036456
-6750.0,-4859.0
-6777.31300491449,-4875.637214131502
-6859.0,-4947.0
-6937.0,-5038.0
-6948.644743456891,-5052.2846469713895
-7022.0,-5167.0
-7029.485704164852,-5181.4714134607
-7088.0,-5298.0
-7106.3051049696405,-5337.645284894752
-7124.0,-5388.0
-7126.72248303231,-5396.951453067692
-7149.0,-5478.0
-7158.158088509436,-5514.800073245635
-7170.0,-5565.0
-7191.0,-5673.0
-7193.875641113974,-5692.398571999942
-7208.274629869654,-5812.563776882706
-7214.0,-5875.0
-7219.048098932147,-5997.201134296599
-7220.0,-6060.0
-7221.936891615071,-6140.736507889744
-7204.0,-6232.0
-7142.0,-6380.0
-7114.325973604362,-6437.460640162025
-7059.498261872433,-6536.785327978543
-6917.798844165126,-6769.527230508753
-6905.0,-6808.0
-6865.755745954346,-6945.205875836304
-6846.0,-7021.0
-6822.684358167462,-7117.52617018221
-6807.598237588729,-7193.654705046027
-6801.0,-7231.0
-6788.004651624272,-7310.650703054325
-6778.0,-7378.0
-6765.713141209496,-7473.326910730753
-6764.0,-7488.0
-6755.495738555054,-7573.605725757175
-6755.0,-7580.0
-6746.0,-7735.0
-6748.5433631721235,-7848.223111425413
-6758.439713863332,-7900.7705831044605
-6759.0,-7903.0
-6774.893970745903,-7944.970884000255
-6800.0,-7973.0
-6870.0,-8039.0
-6872.3369762598095,-8042.272788056987
-6893.9523121618295,-8096.485804175136
-6896.0,-8107.0
-6900.0,-8166.0
-6899.926676831747,-8170.021695833314
-6885.779706677237,-8295.552983168138
-6885.0,-8300.0
-6867.552528707841,-8380.972424658166
-6846.0,-8459.0
-6831.652781670007,-8504.760131276196
-6803.0,-8580.0
-6801.261453783705,-8584.198023081493
-6767.751508537736,-8661.464458536308
-6750.0,-8698.0
-6712.2970888338305,-8767.287798122672
-6659.6137915980435,-8852.49131283667
-6619.0,-8914.0
-6600.272434463233,-8940.473769055261
-6559.0,-8991.0
-6541.709088075131,-9010.85905694244
-6507.0,-9049.0
-6444.859624362182,-9108.31417410677
-6392.0,-9151.0
-6316.883382229647,-9198.838443071358
-6254.0,-9233.0
-6130.0,-9299.0
-6098.120401558371,-9316.637927140122
-6012.527338129931,-9373.710481988224
-6003.0,-9381.0
-5983.0,-9400.0
-5956.747880168738,-9443.521371248267
-5932.0,-9493.0
-5925.317935367537,-9530.682679471829
-5931.0,-9558.0
-5937.0,-9590.0
-5937.530896637442,-9592.20197421292
-5951.0,-9631.0
-5953.478721178606,-9636.102954577393
-5971.0,-9664.0
-5980.610663919777,-9676.256824498958
-5988.0,-9685.0
-6020.459311777347,-9711.721519447445
-6023.0,-9713.0
-6075.0,-9735.0
-6124.9613091628125,-9749.750906327641
-6154.0,-9754.0
-6162.147583366314,-9755.213037813486
-6221.0,-9763.0
-6234.526813305338,-9764.07370865389
-6262.0,-9766.0
-6279.202493837745,-9767.487358727338
-6315.0,-9770.0
-6337.765286018041,-9770.931098354635
-6420.964403824846,-9772.92937245734
-6425.0,-9773.0
-6478.151440267725,-9772.263432389755
-6492.0,-9771.0
-6539.229614397896,-9766.281557278351
-6542.0,-9766.0
-6579.742015557069,-9762.143197016409
-6625.0,-9752.0
-6648.250472367692,-9743.757438918365
-6697.0,-9723.0
-6723.038063948088,-9707.625787811317
-6737.0,-9688.0
-6747.62400206301,-9672.249285192429
-6764.0,-9646.0
-6771.341016354368,-9632.087602849817
-6791.177888637572,-9574.26249677181
-6792.0,-9571.0
-6809.0,-9495.0
-6812.818660675915,-9476.846897546766
-6824.067416698067,-9420.49850052417
-6833.0,-9385.0
-6848.751462518929,-9331.626789258768
-6850.0,-9328.0
-6877.0,-9264.0
-6886.3189355982495,-9245.854210260082
-6908.0,-9207.0
-6917.102745786912,-9191.324653554906
-6967.0,-9114.0
-6999.6706283152425,-9066.60687963891
-7078.0,-8954.0
-7120.110472463502,-8891.261040639623
-7138.892328482148,-8856.007219109186
-7144.0,-8846.0
-7173.655844744935,-8786.85260189421
-7206.0,-8718.0
-7230.630957894698,-8659.353351441685
-7241.0,-8633.0
-7272.016153370559,-8548.548583639722
-7297.0,-8476.0
-7324.761332047258,-8391.73019839694
-7335.0,-8359.0
-7380.001346785392,-8208.778477350703
-7382.0,-8202.0
-7442.0,-7988.0
-7450.6203275041535,-7956.417416288754
-7499.0,-7779.0
-7510.897729616345,-7735.283362380088
-7532.169150648487,-7656.047736580166
-7547.0,-7589.0
-7576.731893062522,-7447.279428225375
-7587.0,-7394.0
-7597.787037472265,-7332.124324665092
-7615.0,-7207.0
-7615.890995213592,-7199.5258030277155
-7633.536805858317,-7029.5041734154875
-7636.0,-7001.0
-7645.892179259924,-6869.094881264686
-7653.0,-6763.0
-7659.631645333296,-6660.656658613827
-7665.163617287656,-6568.961990424299
-7665.7884934468675,-6557.630340959732
