1062.8177816822997,-364.35082907596455
1044.0,-249.0
1031.6863900129133,-173.6561607106333
1017.0,-83.0
1010.110702370471,-39.73592779749527
986.0,116.0
981.9338873862449,142.72737584192396
967.0,241.0
959.0027580955061,292.50350932342707
950.0,350.0
941.2755751100832,406.1345628899406
921.0,540.0
894.0,731.0
885.1502419134907,791.1839358068921
875.0,860.0
837.0,1135.0
815.0,1299.0
806.6512623205654,1363.1809461603436
783.0,1547.0
769.0515325765231,1655.1516837080148
754.0,1775.0
752.6793521598711,1785.8716059942308
732.0,1958.0
725.1162715543596,2014.7914777289523
715.0,2100.0
691.7701758089246,2307.6283220048385
677.0,2440.0
664.6706825175096,2544.013281463922
659.0,2593.0
642.0,2743.0
640.4770648276717,2755.536519298311
619.7702104520783,2907.540613189059
605.0,3004.0
603.5069223655812,3013.4465488433543
601.0,3029.0
586.0108702661909,3109.861942253843
573.0,3169.0
549.4477394706223,3258.769159226073
546.0,3270.0
513.0,3354.0
506.5500686351883,3366.9670510174105
476.0,3422.0
426.6538418380955,3487.4332782313613
416.0,3497.0
318.0,3571.0
287.2289436621362,3591.167516726356
246.6224626702949,3606.374641017032
209.0,3612.0
168.5412218387822,3620.7960039449936
100.0,3636.0
52.0,3645.0
22.478925981784435,3650.783326346739
-34.0,3663.0
-39.82763478674027,3664.3642676539935
-99.0,3681.0
-146.90844118953953,3700.5622011487285
-237.50053453124292,3746.8480288217625
-261.0,3761.0
-329.09410189548225,3810.0532341269923
-390.0,3863.0
-393.91589530303054,3866.4249047760904
-426.4390604268805,3895.0449050021807
-464.0,3928.0
-479.37180294853556,3941.3554210177226
-525.0,3980.0
-564.6456643915919,4010.4104034878574
-610.0,4041.0
-637.0,4057.0
-663.0761609725467,4069.5017383907148
-692.0,4080.0
-717.7436586421896,4086.4090959293385
-771.5541191867676,4090.63647523864
-784.0,4090.0
-827.7839185895883,4083.5101968076797
-850.0,4078.0
-876.209977481525,4069.0123833891885
-913.0,4050.0
-931.9554305531216,4037.4765926108903
-960.0,4015.0
-997.0,3974.0
-1008.1399029757267,3958.080519054363
-1020.0,3939.0
-1034.9943691448518,3911.739052604603
-1057.0,3864.0
-1068.0,3836.0
-1075.388270917855,3814.3354001522575
-1083.0,3789.0
-1095.46892284706,3740.165405512231
-1107.0,3685.0
-1109.2513865499477,3672.9555000429204
-1119.0,3614.0
-1127.0,3553.0
-1130.9135904015864,3510.8959929672287
-1132.0,3479.0
-1129.0,3307.0
-1128.7085885298272,3299.1372227613983
-1125.198022913693,3241.9426854137605
-1116.0,3190.0
-1110.1673956362088,3157.499952963266
-1091.0,3058.0
-1084.6258414680776,3029.8582116568045
-1063.5921815003176,2950.5981806180057
-1048.0,2900.0
-1012.0,2792.0
-993.1114620818919,2738.1492200546813
-962.0,2659.0
-950.2650550067465,2630.0468825332296
-908.3892211327224,2527.6753488158183
-892.0,2488.0
-870.8560307088334,2437.280395801747
-856.0,2402.0
-833.0906108542621,2348.0435936936647
-814.0,2303.0
-764.209868901389,2184.646554028799
-718.0,2074.0
-673.0378446207369,1964.3971007503246
-647.7278027921359,1897.0307283150946
-635.0,1861.0
-613.799490796146,1799.1850684531057
-561.5382927988106,1640.920496715526
-532.0,1547.0
-518.7086507798567,1501.7534597496551
-499.0,1425.0
-480.28458684005204,1345.542144837964
-474.0,1315.0
-449.2406894128726,1161.6314419194127
-435.0,1038.0
-430.3852775747804,970.5489937676344
-429.0,895.0
-429.9753733455486,819.0169697156794
-434.0,738.0
-436.49773300258306,709.4074556127641
-447.0,637.0
-453.3428278307849,608.9417769017317
-480.0509515215183,525.643176670771
-501.0,483.0
-602.0,354.0
-606.5004942534587,349.3114296852145
-647.1274993882217,311.9320532711293
-702.7378672060365,283.9140658813169
-745.0,267.0
-850.0,228.0
-892.226470058731,214.650079984382
-967.5481586829053,197.07737187382608
-978.0,195.0
-1079.8240179985871,177.32256611398782
-1103.0,174.0
-1229.8035076010797,160.10293583311062
-1244.0,159.0
-1429.473133322151,152.15863732916773
-1438.0,152.0
-1518.0,153.0
-1593.9767001717796,157.37417967173323
-1727.4682555794861,166.21884916341452
-1767.0,169.0
-1870.0,178.0
-1970.023667305632,187.48188633304952
-2158.2229885687957,205.10053186650987
-2179.0,207.0
-2270.610755574169,215.16634688521293
-2380.994785770778,224.44947448898506
-2423.0,228.0
-2589.708325810455,242.22757272776295
-2744.7034759966036,255.58610361701957
-2761.0,257.0
-2930.178772182424,271.4310458623659
-2980.0,275.0
-3061.777162773046,280.461975571421
-3084.0,282.0
-3237.7200175189087,293.2013733049702
-3354.0,302.0
-3430.537066490987,308.00212566500585
-3518.795558766101,315.62700208627587
-3585.0,321.0
-3635.6228352043836,324.9003375977702
-3755.0,334.0
-3846.736871399507,341.2088116776036
-3944.0,349.0
-4011.8948023134258,354.56661072373925
-4136.0,365.0
-4232.566884103154,373.02909278968923
-4541.0,399.0
-4584.84726393938,402.9561434483398
-4739.102374844305,420.86110981224095
-4769.0,425.0
-4900.0,444.0
-4928.920449226392,448.6426962059562
-5061.0,473.0
-5250.941691642141,519.9396127480276
-5271.0,526.0
-5287.0,531.0
-5460.0,592.0
-5631.0,667.0
-5813.0,761.0
-5957.070042910388,843.1215034432685
-5962.0,846.0
-6212.316577299796,994.5435622547554
-6258.0,1022.0
-6372.185661943201,1091.6656265713484
-6376.0,1094.0
-6595.403804643879,1228.1081199694663
-6806.0,1357.0
-6818.110134480471,1364.437962652501
-6900.988078265698,1415.6856787881675
-6961.10914526609,1454.1348512109198
-6964.0,1456.0
-7112.628276849014,1552.6129414451555
-7370.082720994999,1721.8077380852194
-7402.0,1743.0
-7577.0,1861.0
-7619.041559815427,1890.2457171435972
-7675.0,1929.0
-7754.0,1980.0
-7779.558406000795,1994.7384684663848
-7853.0,2032.0
-7886.133301279534,2047.3161599515188
-7975.0,2084.0
-8056.0,2111.0
-8085.356487413867,2119.448806256726
-8095.0,2122.0
-8155.0,2135.0
-8175.1371962450885,2138.492191416436
-8227.0,2145.0
-8232.238944719193,2145.371741770156
-8286.604134501345,2145.6795873917285
-8347.0,2137.0
-8377.388385706015,2128.4950743206464
-8409.0,2117.0
-8445.738045679574,2099.5708323020162
-8461.0,2090.0
-8531.170976697624,2037.9638617090834
-8559.0,2015.0
-8602.55504601879,1973.9933151285077
-8646.0,1922.0
-8671.551261128134,1891.0604725887952
-8699.0,1857.0
-8708.845470489929,1844.4700325392218
-8761.0,1773.0
-8774.784325900113,1752.6406366104322
-8838.0,1657.0
-8856.143097358585,1629.2436412058905
-8892.299153374533,1571.4745739885477
-8918.0,1525.0
-8935.534572800818,1493.0214873839739
-8957.0,1453.0
-8974.54737408479,1418.7258113511673
-8998.0,1371.0
-9028.478693868225,1307.4111448898
-9071.0,1215.0
-9101.761631024554,1144.688499395527
-9112.0,1121.0
-9138.174665878043,1060.2415711092726
-9170.0,986.0
-9173.125136761331,978.6875181514814
-9210.0,893.0
-9213.004366713643,886.2200130078257
-9254.0,798.0
-9274.949802759491,757.5563321363015
-9308.0,702.0
-9318.37087244577,686.2650973157384
-9362.728954928045,624.4704328833897
-9366.0,620.0
-9373.0,611.0
-9440.775891031484,557.3762860044728
-9464.0,541.0
-9479.112519239548,530.806257655514
-9498.71630394765,522.142045700725
-9525.0,525.0
-9528.892175148718,525.5859931027194
-9600.0,539.0
-9620.442509324404,544.9292336213601
-9657.193677731946,569.4312521902871
-9658.0,570.0
-9688.0,591.0
-9701.801226329564,601.5726123134034
-9727.0,623.0
-9736.418759289345,631.6627540780325
-9741.0,636.0
-9792.679686845477,687.8192844815038
-9828.0,725.0
-9838.33333263682,736.4578610940555
-9858.0,760.0
-9890.087888704506,798.0397436038039
-9916.0,831.0
-9932.0,853.0
-9955.395645064884,884.7994774515786
-9989.865404615568,930.5086945875747
-9991.0,932.0
-10034.0,988.0
-10037.734474957277,992.8152414754719
-10118.0,1094.0
-10122.145482426546,1099.0509369795127
-10169.0,1155.0
-10179.267155146305,1167.0309147250862
-10228.0,1223.0
-10259.831318107228,1258.133038396716
-10291.0,1292.0
-10348.0,1353.0
-10417.0,1419.0
-10429.484409187242,1430.5804598048835
-10508.0,1496.0
-10526.463080824853,1508.693308604114
-10629.0,1572.0
-10716.153831887841,1614.3825356373388
-10774.760342469128,1631.5788921954377
-10787.0,1635.0
-10897.117503917036,1656.8771216709117
-10899.0,1657.0
-10965.0,1658.0
-11029.0,1649.0
-11033.888672798304,1647.779149518244
-11117.64981722655,1616.8760888781703
-11126.0,1613.0
-11180.0,1584.0
-11215.897054725947,1561.3098919123809
-11274.0,1517.0
-11278.44079748612,1512.9751991207866
-11303.0,1489.0
-11358.26197056249,1427.6422524049233
-11376.0,1406.0
-11431.67067825028,1331.4352836311423
-11443.0,1315.0
-11483.0,1254.0
-11512.260158262627,1208.0969072064563
-11544.0,1156.0
-11559.0,1130.0
-11562.792334962094,1123.3591700575457
-11604.386849716577,1049.2623024625495
-11616.0,1028.0
-11684.751891803737,896.3079097545426
-11691.0,884.0
-11735.174939129767,795.873464469647
-11757.0,752.0
-11797.658359466486,670.6333450219716
-11799.0,668.0
-11854.0,562.0
-11874.740663529,521.105663873437
-11904.0,463.0
-11931.061474002538,410.13534285144124
-11991.0,295.0
-12037.200864596925,206.692318989475
-12057.0,169.0
-12094.0,99.0
-12110.439185426549,68.36505295976107
-12145.0,5.0
-12208.809515564715,-110.36763180610122
-12288.008063953777,-252.44231288676545
-12290.0,-256.0
-12362.566243379777,-384.204560291123
-12398.0,-451.0
-12424.0,-501.0
-12442.486581258043,-535.7808754770376
-12485.0,-614.0
-12538.201805158656,-712.2847390778892
-12582.0,-792.0
-12622.979977202818,-864.5839608959417
-12662.0,-931.0
-12724.0,-1031.0
-12776.762477781493,-1115.037140286932
-12795.0,-1143.0
-12871.0,-1254.0
-12877.15441348516,-1263.070794292769
-12954.203028220665,-1380.6774463987012
-13104.091794793765,-1630.286044986157
-13111.0,-1642.0
-13136.0,-1685.0
-13175.0,-1766.0
-13177.110213902299,-1771.3347197033281
-13197.0,-1843.0
-13197.855705385247,-1850.1992560920798
-13196.16509278523,-1990.6124289611712
-13193.0,-2030.0
-13186.935587199858,-2072.19486882255
-13177.403040854624,-2105.5852406400095
-13177.0,-2107.0
-13148.0,-2202.0
-13145.940125215799,-2207.541515767986
-13124.0,-2259.0
-13114.62136460111,-2278.198852805295
-13074.0,-2349.0
-13056.594378523485,-2374.576546045588
-13025.0,-2416.0
-12991.0,-2454.0
-12978.874449861734,-2465.809851523595
-12827.0,-2583.0
-12791.100689126002,-2604.375948717524
-12671.0,-2660.0
-12631.419087284197,-2674.9406399746426
-12486.0,-2725.0
-12435.625992036024,-2747.555146733419
-12341.0,-2797.0
-12324.876944056068,-2807.3375375747546
-12304.389589359262,-2831.180544953949
-12296.0,-2846.0
-12254.856714027977,-2925.987342946385
-12233.0,-2976.0
-12223.429173136843,-3002.7605882701973
-12206.371553561637,-3073.6220593924313
-12205.0,-3080.0
-12189.353337749399,-3156.1827959919647
-12186.0,-3175.0
-12178.0,-3222.0
-12173.26878968549,-3248.8547454281666
-12167.0,-3285.0
-12160.511937718424,-3328.272952689521
-12148.0,-3402.0
-12124.489405934351,-3517.1906047701477
-12118.0,-3547.0
-12098.380846799855,-3624.5945346698913
-12042.0,-3691.0
-12008.513656924173,-3725.8556432124014
-11957.0,-3778.0
-11935.32991094805,-3798.9129267339863
-11844.0,-3874.0
-11838.55619401974,-3878.28381343949
-11734.0,-3961.0
-11666.640539520753,-4014.6447522255294
-11639.0,-4037.0
-11569.0,-4095.0
-11491.875284751972,-4160.5901449442135
-11418.0,-4226.0
-11293.799688846386,-4349.729768030853
-11266.0,-4380.0
-11188.936649563875,-4477.347787348856
-11183.0,-4486.0
-11112.0,-4594.0
-11083.610525233516,-4638.021839543686
-11069.0,-4661.0
-11033.0,-4718.0
-11018.656380581757,-4738.822390560135
-10978.0,-4790.0
-10951.68646934714,-4818.422670609886
-10933.0,-4837.0
-10918.430447634742,-4850.319604205839
-10872.60587481488,-4880.771854950095
-10868.0,-4883.0
-10828.0,-4899.0
-10825.083054229111,-4899.979712162331
-10796.0,-4906.0
-10782.130618342844,-4905.065989263998
-10716.0,-4887.0
-10710.548506674519,-4885.076903974124
-10694.528459663128,-4872.902855626007
-10692.0,-4870.0
-10657.639590520772,-4830.098939030537
-10648.0,-4818.0
-10637.036269983737,-4802.803340319593
-10618.714871968868,-4765.25830674842
-10617.0,-4761.0
-10602.0,-4721.0
-10591.935312476175,-4690.512102101756
-10586.0,-4671.0
-10573.0,-4623.0
-10568.731968362463,-4604.310827426861
-10563.0,-4577.0
-10559.890240976549,-4561.869070522527
-10549.0,-4506.0
-10542.528940846178,-4470.380361323059
-10524.0,-4364.0
-10519.073839920962,-4333.7696416568815
-10514.0,-4295.0
-10506.516471185383,-4241.004902303878
-10505.0,-4230.0
-10482.144040084546,-4057.9417767831624
-10451.33922157362,-3826.4208996764096
-10451.0,-3824.0
-10440.290901759721,-3748.851040360305
-10427.0,-3661.0
-10420.434101089246,-3619.111977894332
-10398.619935253086,-3482.6109798346233
-10392.0,-3441.0
-10385.768929363454,-3401.154639972211
-10379.0,-3357.0
-10371.733391002152,-3310.7810026044485
-10340.070680458024,-3112.1817509477733
-10337.0,-3093.0
-10288.0,-2790.0
-10286.418104370588,-2780.48624502784
-10252.272964473861,-2585.453754366679
-10247.0,-2557.0
-10226.0,-2446.0
-10221.503431687073,-2422.8617534609316
-10201.0,-2319.0
-10156.0,-2091.0
-10152.623579591464,-2074.5789524718152
-10119.35963874266,-1921.6583728812536
-10080.51668476229,-1763.6303490298797
-10071.0,-1725.0
-10064.496323116156,-1698.290411566756
-10049.35018605636,-1637.6925220192477
-10045.0,-1621.0
-9949.232683826329,-1264.42105792639
-9948.0,-1260.0
-9881.0,-1041.0
-9877.453963583466,-1029.8595893964361
-9842.0,-919.0
-9819.527155778487,-851.594843579483
-9801.0,-798.0
-9710.76857047122,-544.35727265561
-9702.0,-520.0
-9657.50071563637,-400.1582744209594
-9635.0,-344.0
-9619.579403067244,-305.01974562123075
-9578.980635481928,-202.39874354815439
-9565.0,-168.0
-9536.174943257169,-102.94866716086896
-9514.0,-61.0
-9511.674916222131,-56.62135044251294
-9494.0,-24.0
-9466.022764869702,19.50345846628908
-9440.0,48.0
-9394.78923370235,86.15001430337688
-9373.0,102.0
-9342.871388262784,116.12428033993231
-9335.0,118.0
-9271.0,128.0
-9267.258832721503,128.23287824837638
-9216.0,125.0
-9166.167723144503,111.13042833022831
-9122.0,95.0
-9118.228354157887,93.4832476415423
-9054.0,59.0
-9050.561873029908,56.87175402019282
-9030.0,44.0
-9005.179893069584,27.92987823273248
-8969.724960337415,2.6957985036228904
-8948.0,-14.0
-8907.718150620929,-45.81980382560094
-8854.0,-89.0
-8831.431003676833,-107.35264564207262
-8789.148970025346,-143.26908255981843
-8774.0,-156.0
-8743.0,-182.0
-8712.357055312588,-208.3160189658734
-8599.0,-308.0
-8557.880683374871,-345.3688171682556
-8535.0,-367.0
-8490.487028808348,-409.27677336219847
-8424.0,-473.0
-8410.027920431243,-486.53755353451237
-8354.0,-541.0
-8251.0,-638.0
-8156.0,-725.0
-8095.8132128394955,-779.3107235261573
-8067.0,-805.0
-8003.8856017238895,-860.3745868288387
-8002.0,-862.0
-7888.921846364182,-956.4340187569309
-7887.0,-958.0
-7767.0,-1052.0
-7746.883575478886,-1066.5924606764947
-7649.0,-1135.0
-7613.586228132284,-1159.7751482714698
-7508.0,-1223.0
-7405.516129869274,-1273.0526262900657
-7319.0,-1314.0
-7229.0,-1349.0
-7179.165106102719,-1361.4771939201914
-7018.408073985095,-1401.000221115948
-6943.0,-1418.0
-6864.284359497511,-1433.1796874221789
-6731.204503380215,-1443.465662127843
-6685.0,-1446.0
-6528.0,-1455.0
-6499.804566000738,-1456.6762821281432
-6381.0,-1464.0
-6298.0618321735665,-1469.2559866021313
-6149.44767214001,-1478.9050348305022
-5900.038168624126,-1495.6796079618593
-5734.8614937607745,-1506.8285166399198
-5489.366935142385,-1523.108627632029
-5430.0,-1527.0
-5228.380996673212,-1540.0992331262228
-5121.0,-1547.0
-5063.354265643285,-1550.6740656329216
-4836.360709696703,-1564.4507476131441
-4808.0,-1566.0
-4653.296392217082,-1573.8293706861007
-4555.0,-1579.0
-4490.217791061159,-1582.6935906919573
-4380.0,-1588.0
-4172.0,-1595.0
-4041.634720024188,-1598.1264740899014
-3954.095924943473,-1598.4390402964539
-3914.0,-1599.0
-3737.0,-1603.0
-3707.817292177832,-1603.9318359582749
-3591.0,-1608.0
-3549.919174473974,-1609.1119847175282
-3397.0,-1613.0
-3274.7713896761034,-1617.6613478293223
-3148.0,-1623.0
-3035.30041739174,-1629.694136892319
-3001.0,-1633.0
-2925.0975389416017,-1639.9916271728216
-2794.1266374383426,-1652.6071136801932
-2765.0,-1656.0
-2699.673870755253,-1666.3246790485161
-2654.0,-1681.0
-2651.088765436709,-1682.0149690820997
-2592.0,-1707.0
-2578.881424024659,-1715.122961326574
-2530.3323271851987,-1754.1633905713302
-2513.0,-1774.0
-2482.0,-1831.0
-2472.307293546901,-1861.1459775933238
-2453.772281753898,-1936.030856636401
-2451.0,-1947.0
-2424.4714828672886,-2041.9866128964943
-2413.0,-2079.0
-2409.6224325784297,-2089.385473133316
-2396.0,-2124.0
-2391.8859472088966,-2133.111118608392
-2355.0,-2209.0
-2331.5885677063575,-2251.056966543815
-2304.0,-2292.0
-2268.882003744288,-2336.535064786605
-2227.0,-2384.0
-2203.7312245085172,-2407.462462278065
-2104.089734099183,-2478.819764521913
-2091.0,-2486.0
-1993.0,-2530.0
-1954.7916814313417,-2542.8312492735918
-1927.0,-2551.0
-1847.967942062586,-2569.572141086563
-1811.0,-2577.0
-1764.8813090147553,-2585.5296157832477
-1688.0,-2595.0
-1568.9614722595945,-2603.9123455619265
-1505.0,-2608.0
-1471.3273740677841,-2609.912631049815
-1430.0,-2610.0
-1374.4309031178009,-2610.058730340852
-1261.8905861452572,-2610.5402194673266
-1198.0,-2611.0
-1151.1517383184353,-2611.50014281447
-1081.0734619009534,-2612.7232354365938
-1068.0,-2613.0
-946.0,-2616.0
-861.4536670723405,-2618.648288851172
-772.0,-2622.0
-736.5025588971697,-2623.474219733769
-657.0,-2627.0
-582.5566794616847,-2630.4630093577316
-514.0,-2634.0
-368.0,-2643.0
-356.4063814595112,-2643.7808197545532
-187.8530325606925,-2655.719070954637
-184.0,-2656.0
-130.0,-2660.0
-48.03961945988838,-2666.1631354673327
35.0,-2670.0
85.90045416796283,-2671.0396480627705
309.0,-2669.0
373.20144671633113,-2665.5355017692027
506.0,-2632.0
513.2276193134642,-2629.2808063987727
637.0,-2575.0
665.3307739301742,-2558.0542800525586
716.0,-2522.0
788.0,-2459.0
794.4600289127932,-2452.6735393258336
885.0,-2352.0
919.052811236736,-2308.80491569998
944.0,-2273.0
1006.0705313522897,-2170.4766433600043
1057.0,-2079.0
1076.427768305725,-2041.7420000430197
1097.1590427396925,-1991.5803222381564
1107.0,-1963.0
1125.2192926321115,-1907.8174420677265
1146.0,-1839.0
1155.0145003728246,-1804.592404306814
1178.5387553535816,-1674.8546817437707
1179.0,-1671.0
1195.9144138109325,-1382.1696285403043
1196.0,-1361.0
1188.524880169749,-1207.3606751183784
1181.0,-1129.0
1176.3136546479702,-1077.2383760031673
1170.0,-1031.0
1160.5512065462408,-966.9055149302118
1125.0,-737.0
1113.9662854501596,-668.4163013694318
1081.0,-474.0
1079.6639754262224,-466.0334472830797
1065.415641146823,-379.12209718268633
