1036.551705792856,-1225.684312639553
896.2342913901537,-1263.271772282417
723.0,-1310.0
658.0702603380568,-1327.8255860700815
602.0,-1343.0
577.8790796116745,-1349.4364184578956
463.0,-1380.0
443.5539565986323,-1385.2058018372818
101.18287394231524,-1477.6606308685555
67.0,-1487.0
7.431804211998621,-1503.5601287372467
-73.0,-1526.0
-242.18075583309988,-1571.7255486867439
-418.0,-1619.0
-464.29174443387615,-1631.4103064741453
-554.4681936182858,-1655.4071658850878
-605.0,-1669.0
-900.2170511747538,-1748.6561498710757
-946.0,-1761.0
-1058.2462205409804,-1791.1185544788605
-1152.0,-1817.0
-1209.1489237746894,-1832.9347629606757
-1503.0,-1915.0
-1616.8795190786298,-1946.437050735921
-1720.0,-1975.0
-1766.2230060459676,-1988.0289517253566
-1927.0,-2033.0
-1944.7544517921203,-2037.7994685624526
-2066.0,-2070.0
-2082.8068087201327,-2074.523196736295
-2273.0,-2127.0
-2420.0,-2167.0
-2504.4463328511447,-2188.6143042758936
-2514.0,-2191.0
-2609.260497311524,-2214.3678732660287
-2649.0,-2223.0
-2693.0,-2231.0
-2812.0266703346656,-2243.8911628293213
-2823.0,-2244.0
-2941.0,-2238.0
-2950.9567186149748,-2237.0549489792893
-3011.2636665063687,-2228.228169087061
-3063.1896585443383,-2210.282388813356
-3083.0,-2202.0
-3112.0,-2189.0
-3145.7940511176675,-2171.0713721652082
-3179.0,-2149.0
-3259.535479915405,-2078.733527013116
-3290.0,-2046.0
-3330.5740189432,-1984.7229129805469
-3360.0,-1927.0
-3363.8968029972525,-1919.7736967971614
-3373.0,-1903.0
-3450.916408545837,-1757.3406054917166
-3492.0,-1682.0
-3520.3368950052845,-1634.454854170943
-3547.0,-1596.0
-3556.718973826825,-1581.9169424617132
-3609.1012001175895,-1505.8714925454317
-3647.0,-1451.0
-3669.9421723755763,-1417.8729685492083
-3756.0,-1293.0
-3776.504048246613,-1262.494195634712
-3828.6686504758322,-1183.5028296428673
-3829.0,-1183.0
-3883.0,-1101.0
-3896.1585116950228,-1080.9685910807805
-3952.0,-996.0
-3966.78846642868,-973.6410418939525
-4081.797702469808,-800.8975669137778
-4097.0,-778.0
-4162.729124309701,-678.4495955409219
-4194.0,-631.0
-4325.154606781092,-432.2790450801152
-4326.0,-431.0
-4406.697476605557,-309.1323566233941
-4458.0,-231.0
-4521.248278564726,-133.90407030680484
-4531.0,-119.0
-4639.13520473013,45.334576130553096
-4689.0,121.0
-4725.10256726232,175.95819266777016
-4760.0,231.0
-4767.9988905069185,243.73137630215132
-4858.968501325154,389.1788953470022
-4957.0,550.0
-4996.5649131955715,617.79589096463
-5084.458335842876,779.2820502337585
-5097.0,803.0
-5153.2495460872615,911.0449589510082
-5202.0,1006.0
-5303.0,1204.0
-5314.426061725653,1226.6561480667538
-5415.0,1427.0
-5433.421095345844,1463.9461318883343
-5500.0,1601.0
-5517.468523206725,1636.9190825320688
-5592.844857426869,1791.7014941859775
-5615.0,1838.0
-5699.0,2017.0
-5821.0,2275.0
-5886.597722804599,2414.031261737736
-6213.0,3056.0
-6221.258789771701,3069.4527708637866
-6317.186981364862,3221.394717008651
-6328.0,3238.0
-6467.47237848712,3443.2607100033356
-6468.0,3444.0
-6631.586590299082,3655.5746519375507
-6643.0,3669.0
-6722.115961983148,3758.210682287831
-6813.0,3856.0
-6826.400182941623,3870.2601801015335
-6928.0,3977.0
-6978.0,4028.0
-7040.9457948615,4092.1717804764116
-7174.0,4227.0
-7275.999447175606,4327.347261366037
-7290.0,4341.0
-7401.754430920324,4449.44530185556
-7426.0,4473.0
-7536.0,4580.0
-7578.05270018671,4620.531441926515
-7768.0,4802.0
-7779.19551104085,4812.674220148283
-7886.275828050148,4914.545114194808
-7910.0,4937.0
-7974.724668434871,4998.126009972518
-8013.0,5034.0
-8017.468144457452,5037.578756844996
-8020.0,5040.0
-8070.0,5089.0
-8140.17660287839,5161.269065784116
-8152.0,5174.0
-8177.227159471274,5204.265090230905
-8188.0,5225.0
-8219.50356253443,5292.191626436057
-8227.0,5318.0
-8228.0,5323.0
-8231.3265143114,5342.607284446209
-8234.156074047723,5380.568077485022
-8233.0,5395.0
-8224.0,5433.0
-8222.44114208464,5437.241806236926
-8207.0,5467.0
-8202.308814277187,5473.981831558903
-8168.8968580173405,5512.307077793017
-8166.0,5515.0
-8145.698316482383,5531.318991885183
-8126.0,5543.0
-8099.609689340984,5555.8715234752735
-8051.0,5576.0
-8003.981845539241,5590.140432574869
-7970.0,5597.0
-7955.377932092344,5599.903397958168
-7919.0,5606.0
-7900.683407829892,5608.762075610443
-7809.303159105603,5621.957916666558
-7809.0,5622.0
-7767.232069911324,5627.4104118004425
-7728.0,5632.0
-7708.723381771141,5634.325506548725
-7695.0,5636.0
-7620.627142500652,5645.020947141008
-7579.0,5649.0
-7411.004920482478,5662.920631944256
-7410.0,5663.0
-7334.0,5668.0
-7325.798716961408,5668.437485163701
-7216.0,5674.0
-7146.166161597171,5676.646755697363
-7100.0,5678.0
-6995.0,5680.0
-6953.079115503327,5679.9176804515355
-6821.3512078337535,5678.093511454864
-6766.0,5677.0
-6722.2856344619295,5675.935679420321
-6599.0,5670.0
-6576.269815765958,5668.670233463204
-6456.0,5661.0
-6442.6959630218125,5660.009537480136
-6315.0,5649.0
-6266.279423744076,5644.387500329522
-6203.0,5638.0
-6102.8788719152735,5627.0238791148395
-6076.0,5624.0
-6015.0,5617.0
-6002.967803312267,5615.562213982731
-5793.0,5587.0
-5733.179788063576,5578.006500040067
-5572.0,5553.0
-5505.20438747196,5542.001354318836
-5449.0,5532.0
-5416.0235734350135,5526.2090804913205
-5242.0,5495.0
-5176.622765844058,5482.693849225362
-4989.955992946255,5446.715815451684
-4971.0,5443.0
-4856.096390021868,5419.709099046993
-4757.0,5399.0
-4744.785792142976,5396.570330470962
-4554.0,5359.0
-4459.057120698439,5339.402664904006
-4428.0,5333.0
-4246.903079068846,5296.826814916677
-4172.0,5282.0
-3930.0,5234.0
-3817.7249640545288,5211.780150716227
-3808.0,5210.0
-3672.597132041264,5185.7467828114295
-3602.0,5174.0
-3502.8868509114905,5158.991163931069
-3469.0,5154.0
-3369.7675191376775,5139.320691036706
-3200.7633901300965,5114.770703053945
-3166.0,5110.0
-3064.918819046081,5096.637333651884
-3030.0,5092.0
-2928.4341940426625,5078.136361126586
-2877.0,5071.0
-2762.515759603243,5054.990576101783
-2636.0,5039.0
-2418.443827765464,5014.7198579341275
-2393.0,5012.0
-2237.4749185998603,4997.842238306837
-2190.0,4995.0
-1942.0,4982.0
-1763.0,4976.0
-1432.0,4965.0
-1389.9115085560293,4963.56864649923
-1178.0,4958.0
-1024.0,4955.0
-1011.0,4954.0
-897.4005456083604,4951.215432979245
-862.0,4951.0
-745.8080345747803,4948.226390841921
-697.0,4945.0
-613.3792367106952,4935.233878884564
-589.0,4931.0
-533.0,4917.0
-511.8906369727531,4910.04278303553
-476.0,4896.0
-440.3700753615784,4878.646497531787
-407.0,4860.0
-347.3044752098434,4819.281124133628
-327.0,4798.0
-306.43402609540203,4771.237148436109
-276.0,4723.0
-273.1570539082442,4717.730835507917
-260.0,4675.0
-257.0361829541305,4659.230107080156
-247.0346610254177,4594.322380023371
-247.0,4594.0
-243.9583034539519,4544.500538295004
-244.0,4532.0
-252.0,4459.0
-258.3891298520459,4434.429510003233
-280.0,4376.0
-295.40072839417365,4342.041125972398
-316.0,4301.0
-351.0,4239.0
-358.74347531198936,4226.386748638082
-385.0,4186.0
-394.0613117987155,4173.019658794821
-429.0,4126.0
-455.24074877171347,4092.025331259709
-472.0,4071.0
-561.4515820813715,3968.3954591492607
-598.0,3931.0
-672.0,3861.0
-687.5466311599988,3847.4960382663994
-756.0,3793.0
-774.256717310445,3779.3269978570333
-850.0,3726.0
-884.051316144139,3704.428875533424
-978.2785443853613,3650.341272438842
-999.0,3639.0
-1067.251154720499,3603.541053262194
-1138.0,3572.0
-1247.0,3529.0
-1309.885434389819,3506.7136037176015
-1999.0,3394.0
-2026.1657937355483,3394.5201701784836
-2142.8472421063066,3400.625477589024
-2160.0,3402.0
-2375.8854613729327,3424.2907899102647
-2408.0,3428.0
-2508.0474174260635,3441.0249225303996
-2565.0,3450.0
-2705.5190486158886,3473.1211914561873
-2768.0,3484.0
-2830.8030614621757,3495.3972484693936
-2935.0,3515.0
-3046.0,3536.0
-3107.6789818898233,3547.441852799123
-3321.0,3587.0
-3420.453099832971,3607.1616224557943
-3495.521706693118,3617.308205397598
-3555.0,3623.0
-3797.0,3644.0
-3902.208077287533,3646.841827198008
-3933.0,3644.0
-3978.64847486745,3640.479279661555
-4064.0,3632.0
-4142.488896947621,3617.607869825318
-4168.0,3612.0
-4237.383067208868,3595.0497936955185
-4374.7386309237645,3541.353206665656
-4403.0,3525.0
-4492.415957016868,3465.627839599834
-4521.0,3444.0
-4637.121492687963,3323.2468352656683
-4692.0,3237.0
-4700.304675060929,3222.640046256504
-4742.0,3124.0
-4756.401514456631,3066.0659884025335
-4782.0,2904.0
-4782.982246395236,2890.9675610230356
-4779.0,2684.0
-4752.0,2527.0
-4742.258826765342,2493.0673445695247
-4693.312456379124,2333.3492707464857
-4688.0,2317.0
-4659.36732451119,2236.6413942183917
-4612.0,2154.0
-4600.514749561218,2133.99366877786
-4535.0,2021.0
-4526.782365069118,2007.483633912803
-4476.0,1926.0
-4460.015833554288,1900.4002228871425
-4375.0,1763.0
-4361.821820826756,1741.4451887604364
-4309.955521413381,1656.137594612499
-4254.0,1568.0
-4230.3515920008285,1531.573305977667
-4128.0,1377.0
-4108.396055711352,1348.2706776666507
-4042.9664644831055,1262.389857237737
-4014.0,1228.0
-3992.513759822695,1202.2959470337553
-3913.0,1116.0
-3854.4080400561547,1063.9559425808623
-3762.0,988.0
-3715.4677919555675,950.6666966234819
-3626.6923378352226,895.1475921092609
-3544.0,874.0
-3369.0,844.0
-3353.935397539266,842.1992554172705
-3285.019727363538,842.3431920365967
-3235.0,856.0
-3225.648534980706,858.4358551456037
-3073.0,901.0
-3049.1379710115693,909.7746074377948
-2921.0,973.0
-2909.178305184727,980.0755327873937
-2871.0,1004.0
-2794.3604907749705,1057.4425446890232
-2738.0,1102.0
-2635.0,1194.0
-2589.137583942841,1235.1989623399575
-2453.0,1357.0
-2432.5876609696006,1375.3446838150533
-2383.1631446150277,1421.286682223941
-2376.0,1428.0
-2270.0,1526.0
-2165.294917057413,1617.9822299485313
-2075.0,1693.0
-2054.988003544949,1709.0041020477208
-1948.0,1786.0
-1932.7327221564965,1795.6039831979458
-1778.0449908086014,1885.0540821273578
-1742.0,1904.0
-1604.0211107885873,1962.7191003866983
-1483.0,1990.0
-1371.73058753099,2011.967781184796
-1258.0,2027.0
-1190.0,2033.0
-1127.0217018125486,2037.5904017635366
-929.0,2046.0
-825.1590007874063,2049.258348352558
-658.0,2054.0
-625.6951610361178,2054.838911647096
-495.90028473744036,2057.355724869454
-447.0,2058.0
-388.8525599427144,2058.7105354993478
-274.0,2060.0
469.0,2066.0
560.5156501241066,2066.9268703224543
647.0,2068.0
707.3265600631167,2068.863402132023
894.5005530366976,2071.8782073764005
1019.0,2074.0
1086.436333267722,2075.1882583292104
1279.3225731534483,2079.2722623317154
1307.0,2080.0
1448.0,2084.0
1563.394707786759,2087.4737361527154
1581.0,2088.0
1731.4600844206848,2092.431679388858
1781.0,2094.0
1889.1961327645101,2097.7816528805683
1991.0,2101.0
2188.294806988857,2106.3140861915053
2286.0,2109.0
2371.198192834166,2112.101991150166
2422.0,2113.0
2459.7112016194415,2112.9971885831105
2645.1014171362544,2111.348086955764
2719.0,2110.0
2881.2990312387237,2103.6676144145986
2939.0,2098.0
3180.7316324293724,2061.2369582596266
3236.0,2051.0
3328.48008061371,2028.8302156111909
3392.0,2001.0
3587.0,1895.0
3599.207225359736,1886.5182259169728
3686.2221557467133,1814.684717595735
3715.0,1787.0
3795.0,1692.0
3882.0,1537.0
3902.4173068239525,1493.3329905970143
3928.4339699481516,1412.322862420327
3944.4708962676955,1332.5579706915587
3956.0,1290.0
3970.0,1242.0
4002.45435915565,1133.3355155844808
4029.8996359253697,1043.8999113985838
4041.0,1008.0
4060.581461351543,944.9522952259686
4084.0,869.0
4113.741625041668,771.2566727573135
4143.0,675.0
4164.968788398445,603.5076682301501
4195.5083632154765,502.63324598476083
4206.0,462.0
4217.549174528442,414.2431303557798
4231.0,350.0
4242.39701642872,263.958772389411
4246.0,194.0
4245.587225325868,149.3416740539641
4241.0,96.0
4210.998509382333,-12.266199916565572
4207.0,-22.0
4189.0,-61.0
4150.3797433336695,-127.43291355623633
4089.0,-207.0
4081.488808749606,-215.2686294334687
4016.0,-277.0
3940.0,-330.0
3822.0,-394.0
3810.158295197174,-399.91381077004814
3687.0,-459.0
3544.4706272474136,-521.3996356463857
3408.5069919044095,-574.8118558655952
3408.0,-575.0
3260.972115521037,-624.1974320496247
3215.0,-638.0
3164.6454057861197,-652.8111941450994
3164.0,-653.0
3021.0,-694.0
2922.4585422172377,-720.5230569341893
2820.0,-747.0
2697.0,-778.0
2620.852226992407,-797.9316237331102
2557.0,-815.0
2294.0,-886.0
2235.346782678483,-902.1598414749756
2157.0,-924.0
2120.6092533579554,-933.7301429667967
1926.3254332058261,-985.1177375330215
1897.0,-993.0
1754.0,-1032.0
1523.0,-1094.0
1483.4074518542018,-1104.6576788985094
1292.3582083333438,-1156.891689900545
1237.0,-1172.0
1139.482292756824,-1198.381341772842
